objectID,description
398746,"Self-Portrait, from ""Image de divers hommes: The true effigies of the most eminent Painters"" Wenceslaus Hollar Drawings and Prints 17th century Etching; third state of five vision_tokens:  text_tokens: self-portrait, from ""image de divers hommes: the true effigies of the most eminent painters"" wenceslaus hollar drawings and prints 17th century etching third state of five"
361509,Weceslaus Hollar Wenceslaus Hollar Drawings and Prints 1649 Etching; second state of five vision_tokens:  text_tokens: weceslaus hollar wenceslaus hollar drawings and prints 1649 etching second state of five
361300,Stefano della Bella Wenceslaus Hollar Drawings and Prints 1649 Etching; second state of five (NH) vision_tokens:  text_tokens: stefano della bella wenceslaus hollar drawings and prints 1649 etching second state of five (nh)
464419,"Plaque with the Baptism of Jesus nan Medieval Art ca. 1150–75 Champlevé enamel, copper alloy, gilt vision_tokens:  text_tokens: plaque with the baptism of jesus nan medieval art ca. 1150–75 champlevé enamel, copper alloy, gilt"
357387,"The Faerie Queene, A Poem in Six Books with the Fragment Mutabilitie: Book I Edmund Spenser Drawings and Prints 1894–97 Illustrations: woodcuts vision_tokens:  text_tokens: the faerie queene, a poem in six books with the fragment mutabilitie: book i edmund spenser drawings and prints 1894–97 illustrations: woodcuts"
573446,Seated Statue of the Steward Sehetepibreankh nan Egyptian Art ca. 1919–1885 B.C. Limestone vision_tokens:  text_tokens: seated statue of the steward sehetepibreankh nan egyptian art ca. 1919–1885 b.c. limestone
552999,"Relief, Nebhepetre Mentuhotep's wives, shrine nan Egyptian Art ca. 2051–2030 B.C. Limestone vision_tokens:  text_tokens: relief, nebhepetre mentuhotep's wives, shrine nan egyptian art ca. 2051–2030 b.c. limestone"
193506,"Processional cross nan European Sculpture and Decorative Arts ca. 1460–80 Partly gilt silver, niello, and copper with traces of gilding, over wood vision_tokens:  text_tokens: processional cross nan european sculpture and decorative arts ca. 1460–80 partly gilt silver, niello, and copper with traces of gilding, over wood"
251468,Terracotta amphora (jar) Praxias Group Greek and Roman Art ca. 480–460 BCE Terracotta vision_tokens:  text_tokens: terracotta amphora (jar) praxias group greek and roman art ca. 480–460 bce terracotta
549335,Hes Vase with the name of Ramesses IV nan Egyptian Art ca. 1153–1147 B.C. Unalloyed copper vision_tokens:  text_tokens: hes vase with the name of ramesses iv nan egyptian art ca. 1153–1147 b.c. unalloyed copper
436003,The Young Bather Gustave Courbet European Paintings 1866 Oil on canvas vision_tokens:  text_tokens: the young bather gustave courbet european paintings 1866 oil on canvas
11759,The True American Enoch Wood Perry The American Wing ca. 1874 Oil on canvas vision_tokens:  text_tokens: the true american enoch wood perry the american wing ca. 1874 oil on canvas
590607,"Fragment from scene of Queen Neferu having her hair done - see 26.3.353-5 nan Egyptian Art ca. 2051–2030 B.C. Limestone, paint vision_tokens:  text_tokens: fragment from scene of queen neferu having her hair done - see 26.3.353-5 nan egyptian art ca. 2051–2030 b.c. limestone, paint"
435711,An Egyptian Peasant Woman and Her Child Léon Bonnat European Paintings 1869–70 Oil on canvas vision_tokens:  text_tokens: an egyptian peasant woman and her child léon bonnat european paintings 1869–70 oil on canvas
764091,Our Lady of Valvanera Unknown The American Wing ca. 1770–80 Oil and gold on canvas vision_tokens:  text_tokens: our lady of valvanera unknown the american wing ca. 1770–80 oil and gold on canvas
469887,"Martyrdom of Saint Lawrence nan The Cloisters ca. 1180 Pot-metal glass, vitreous paint vision_tokens:  text_tokens: martyrdom of saint lawrence nan the cloisters ca. 1180 pot-metal glass, vitreous paint"
472562,"The Fieschi Morgan Staurotheke nan Medieval Art early 9th century Gilded silver, gold, enamel worked in cloisonné, and niello vision_tokens:  text_tokens: the fieschi morgan staurotheke nan medieval art early 9th century gilded silver, gold, enamel worked in cloisonné, and niello"
544207,"Sarcophagus of the Hathor Priestess Henhenet nan Egyptian Art ca. 2051–2030 B.C. Limestone, sandstone, paint vision_tokens:  text_tokens: sarcophagus of the hathor priestess henhenet nan egyptian art ca. 2051–2030 b.c. limestone, sandstone, paint"
552927,"Middle Kingdom statuette, reinscribed for Harsiese High Priest of Memphis in the Third Intermediate Period nan Egyptian Art ca. 1981–1550 B.C.; reused dates to about 8th Century  B.C. Greywacke vision_tokens:  text_tokens: middle kingdom statuette, reinscribed for harsiese high priest of memphis in the third intermediate period nan egyptian art ca. 1981–1550 b.c. reused dates to about 8th century b.c. greywacke"
248813,Gold necklace nan Greek and Roman Art late 4th–3rd century BCE Gold vision_tokens:  text_tokens: gold necklace nan greek and roman art late 4th–3rd century bce gold
503519,Side-blown Trumpet nan Musical Instruments 19th century Ivory vision_tokens:  text_tokens: side-blown trumpet nan musical instruments 19th century ivory
551786,"Book of the Dead of the Priest of Horus, Imhotep (Imuthes) nan Egyptian Art ca. 332–200 B.C. Papyrus, ink vision_tokens:  text_tokens: book of the dead of the priest of horus, imhotep (imuthes) nan egyptian art ca. 332–200 b.c. papyrus, ink"
249598,Glass plaque fragment nan Greek and Roman Art 1st century CE Glass vision_tokens:  text_tokens: glass plaque fragment nan greek and roman art 1st century ce glass
195223,Display dish with Charles II (1630–1685) in a tree Thomas Toft European Sculpture and Decorative Arts ca. 1680 Slip-decorated earthenware vision_tokens:  text_tokens: display dish with charles ii (1630–1685) in a tree thomas toft european sculpture and decorative arts ca. 1680 slip-decorated earthenware
254968,Gold funerary wreath nan Greek and Roman Art 1st–2nd century CE Gold vision_tokens:  text_tokens: gold funerary wreath nan greek and roman art 1st–2nd century ce gold
38039,"Mahadevi, the Great Goddess nan Asian Art ca. 1725 Ink, opaque watercolor, and silver on paper vision_tokens:  text_tokens: mahadevi, the great goddess nan asian art ca. 1725 ink, opaque watercolor, and silver on paper"
544864,"Statuette of a hippo goddess, probably Taweret nan Egyptian Art 332–30 BCE Glassy faience vision_tokens:  text_tokens: statuette of a hippo goddess, probably taweret nan egyptian art 332–30 bce glassy faience"
448663,Bowl nan Islamic Art 15th century Stonepaste; painted in blue and black under transparent glaze vision_tokens:  text_tokens: bowl nan islamic art 15th century stonepaste painted in blue and black under transparent glaze
204269,"Joseph (from a nativity) nan The American Wing 18th century (?) possibly later Wood, polychromed and gilded; ivory touched up with polychromy (face and shoulders) vision_tokens:  text_tokens: joseph (from a nativity) nan the american wing 18th century (?) possibly later wood, polychromed and gilded ivory touched up with polychromy (face and shoulders)"
204268,"Mary (from a nativity) nan The American Wing 18th century (?) possibly later Wood, polychromed and gilded; ivory touched up with polychromy (face and shoulders) vision_tokens:  text_tokens: mary (from a nativity) nan the american wing 18th century (?) possibly later wood, polychromed and gilded ivory touched up with polychromy (face and shoulders)"
544453,"Head from a Statue of King Amenhotep I nan Egyptian Art ca. 1525–1504 B.C. Sandstone, paint vision_tokens:  text_tokens: head from a statue of king amenhotep i nan egyptian art ca. 1525–1504 b.c. sandstone, paint"
436492,Saint Christopher and the Infant Christ Domenico Ghirlandaio (Domenico Bigordi) European Paintings nan Fresco vision_tokens:  text_tokens: saint christopher and the infant christ domenico ghirlandaio (domenico bigordi) european paintings nan fresco
590874,"Tomb Chapel of Raemkai nan Egyptian Art ca. 2446–2389 B.C. Limestone, paint vision_tokens:  text_tokens: tomb chapel of raemkai nan egyptian art ca. 2446–2389 b.c. limestone, paint"
437382,Vase of Flowers (Pink Background) Odilon Redon European Paintings ca. 1906 Oil on canvas vision_tokens:  text_tokens: vase of flowers (pink background) odilon redon european paintings ca. 1906 oil on canvas
466085,"Capital with Angels Holding the Veil of Saint Veronica, with a Column nan Medieval Art ca. 1325–75 Limestone with traces of polychromy vision_tokens:  text_tokens: capital with angels holding the veil of saint veronica, with a column nan medieval art ca. 1325–75 limestone with traces of polychromy"
544043,Cosmetic Vessel in the Shape of a Dwarf nan Egyptian Art ca. 1353–1323 B.C. Travertine (Egyptian alabaster) (?) vision_tokens:  text_tokens: cosmetic vessel in the shape of a dwarf nan egyptian art ca. 1353–1323 b.c. travertine (egyptian alabaster) (?)
545439,"Model boat nan Egyptian Art ca. 1981–1802 B.C. Wood, paint vision_tokens:  text_tokens: model boat nan egyptian art ca. 1981–1802 b.c. wood, paint"
729644,"In proof of true love, a watercarrier skeleton arguing with a woman (Posada); two skeleton angels in upper corners (Manilla) José Guadalupe Posada Drawings and Prints ca. 1890–96 Type-metal engraving and letterpress vision_tokens:  text_tokens: in proof of true love, a watercarrier skeleton arguing with a woman (posada) two skeleton angels in upper corners (manilla) josé guadalupe posada drawings and prints ca. 1890–96 type-metal engraving and letterpress"
470307,Plaque with the Pentecost nan The Cloisters ca. 1150–75 Champlevé and translucent enamel on copper gilt vision_tokens:  text_tokens: plaque with the pentecost nan the cloisters ca. 1150–75 champlevé and translucent enamel on copper gilt
505819,"Ekadandi Vina nan Musical Instruments 19th century Jack wood, metal, bone vision_tokens:  text_tokens: ekadandi vina nan musical instruments 19th century jack wood, metal, bone"
250556,Marble torso of a youth nan Greek and Roman Art ca. 118–161 CE Marble vision_tokens:  text_tokens: marble torso of a youth nan greek and roman art ca. 118–161 ce marble
472756,Reliquary Cross with Christ and the Virgin nan Medieval Art 9th–13th century Copper alloy vision_tokens:  text_tokens: reliquary cross with christ and the virgin nan medieval art 9th–13th century copper alloy
193438,"Eternal Spring Auguste Rodin European Sculpture and Decorative Arts modeled ca. 1881, carved 1907 Marble vision_tokens:  text_tokens: eternal spring auguste rodin european sculpture and decorative arts modeled ca. 1881, carved 1907 marble"
546627,Stela fragment depicting Pay adoring Re-Harakhty nan Egyptian Art ca. 1336–1323 BCE Limestone vision_tokens:  text_tokens: stela fragment depicting pay adoring re-harakhty nan egyptian art ca. 1336–1323 bce limestone
658670,"Vase with ""cloisonné"" decoration (one of a pair) Minton(s) European Sculpture and Decorative Arts ca. 1870 Bone china vision_tokens:  text_tokens: vase with ""cloisonné"" decoration (one of a pair) minton(s) european sculpture and decorative arts ca. 1870 bone china"
547902,Priest in a leopard skin cloak with an inscription and Osiris on his skirt nan Egyptian Art ca. 712–650 B.C. Leaded bronze vision_tokens:  text_tokens: priest in a leopard skin cloak with an inscription and osiris on his skirt nan egyptian art ca. 712–650 b.c. leaded bronze
453250,"Study of a Bird Riza-yi 'Abbasi Islamic Art dated 1043 AH/1634 CE Ink, opaque watercolor, gold, and silver on paper vision_tokens:  text_tokens: study of a bird riza-yi 'abbasi islamic art dated 1043 ah 1634 ce ink, opaque watercolor, gold, and silver on paper"
436241,Cows Crossing a Ford Jules Dupré European Paintings 1836 Oil on canvas vision_tokens:  text_tokens: cows crossing a ford jules dupré european paintings 1836 oil on canvas
643540,Portrait of a Woman Giovanni Battista Gaulli (Il Baciccio) European Paintings ca. 1670s Oil on canvas vision_tokens:  text_tokens: portrait of a woman giovanni battista gaulli (il baciccio) european paintings ca. 1670s oil on canvas
464420,"Plaque with the Crucifixion nan Medieval Art ca. 1150–75 Champlevé and cloisonné enamel, copper alloy, gilt vision_tokens:  text_tokens: plaque with the crucifixion nan medieval art ca. 1150–75 champlevé and cloisonné enamel, copper alloy, gilt"
196497,"Horse Trotting, the Feet Not Touching the Ground Edgar Degas European Sculpture and Decorative Arts modeled after 1878, cast 1920 Bronze vision_tokens:  text_tokens: horse trotting, the feet not touching the ground edgar degas european sculpture and decorative arts modeled after 1878, cast 1920 bronze"
449723,Imported Luster Bowl nan Islamic Art 10th century Earthenware; luster-painted on an opaque white glaze vision_tokens:  text_tokens: imported luster bowl nan islamic art 10th century earthenware luster-painted on an opaque white glaze
255407,Bronze statuette of a youth dancing nan Greek and Roman Art late 4th century BCE Bronze vision_tokens:  text_tokens: bronze statuette of a youth dancing nan greek and roman art late 4th century bce bronze
24320,"Saber nan Arms and Armor 1522–66 Steel, gold, fish skin, wood vision_tokens:  text_tokens: saber nan arms and armor 1522–66 steel, gold, fish skin, wood"
267019,"American Barque ""Jane Tudor,"" Conway Bay David Johnson Photographs ca. 1855 Salted paper print from glass negative vision_tokens:  text_tokens: american barque ""jane tudor,"" conway bay david johnson photographs ca. 1855 salted paper print from glass negative"
322114,Figure of a reclining woman nan Ancient West Asian Art ca. 2nd century BCE–2nd century CE Alabaster (gypsum) vision_tokens:  text_tokens: figure of a reclining woman nan ancient west asian art ca. 2nd century bce–2nd century ce alabaster (gypsum)
282043,"Zoe, Maid of Athens Julia Margaret Cameron Photographs 1866 Albumen silver print from glass negative vision_tokens:  text_tokens: zoe, maid of athens julia margaret cameron photographs 1866 albumen silver print from glass negative"
11379,The Muse of Painting John La Farge The American Wing 1870 Oil on canvas vision_tokens:  text_tokens: the muse of painting john la farge the american wing 1870 oil on canvas
624385,"Viola Jacob Stainer Musical Instruments ca. 1660 Spruce, maple, blackwood vision_tokens:  text_tokens: viola jacob stainer musical instruments ca. 1660 spruce, maple, blackwood"
764095,"Christ Carrying the Cross, called ""The Lord of the Fall"" Unknown The American Wing ca. 1770–75 Oil and gold on canvas vision_tokens:  text_tokens: christ carrying the cross, called ""the lord of the fall"" unknown the american wing ca. 1770–75 oil and gold on canvas"
548287,Mummy Bandage Inscribed for Paherer nan Egyptian Art ca. 750–700 B.C. Linen vision_tokens:  text_tokens: mummy bandage inscribed for paherer nan egyptian art ca. 750–700 b.c. linen
360090,"The Toilet James McNeill Whistler Drawings and Prints 1878 Lithotint, with scraping and incising, on a prepared half-tint ground; second state of five vision_tokens:  text_tokens: the toilet james mcneill whistler drawings and prints 1878 lithotint, with scraping and incising, on a prepared half-tint ground second state of five"
207667,"Small desk with folding top (bureau brisé) Alexandre-Jean Oppenordt European Sculpture and Decorative Arts ca. 1685 Oak, pine, walnut veneered with ebony, rosewood, and marquetry of tortoiseshell and engraved brass; gilt bronze and steel vision_tokens:  text_tokens: small desk with folding top (bureau brisé) alexandre-jean oppenordt european sculpture and decorative arts ca. 1685 oak, pine, walnut veneered with ebony, rosewood, and marquetry of tortoiseshell and engraved brass gilt bronze and steel"
4282,"High chest of drawers nan The American Wing 1762–65 Mahogany, mahogany veneer, yellow pine, yellow poplar, northern white cedar; brass vision_tokens:  text_tokens: high chest of drawers nan the american wing 1762–65 mahogany, mahogany veneer, yellow pine, yellow poplar, northern white cedar brass"
548614,Kohl Tube in the Shape of a Papyrus Column nan Egyptian Art ca. 1390–1352 B.C. Glass vision_tokens:  text_tokens: kohl tube in the shape of a papyrus column nan egyptian art ca. 1390–1352 b.c. glass
849501,"Jagadhatri, a benign form of Durga-Kali nan Asian Art 1878–83 Lithograph with watercolor on paper vision_tokens:  text_tokens: jagadhatri, a benign form of durga-kali nan asian art 1878–83 lithograph with watercolor on paper"
557053,Fragment of a Scarab of a Lady nan Egyptian Art ca. 1850–1640 B.C. Light green faience vision_tokens:  text_tokens: fragment of a scarab of a lady nan egyptian art ca. 1850–1640 b.c. light green faience
248466,Bronze statuette of a philosopher on a lamp stand nan Greek and Roman Art late 1st century BCE Bronze vision_tokens:  text_tokens: bronze statuette of a philosopher on a lamp stand nan greek and roman art late 1st century bce bronze
544766,"Stela of the royal scribe Amunnakht praising the divine barque of Amun-Re, Lord of the Thrones of the Two Lands nan Egyptian Art ca. 1184–1070 BCE Limestone, pigment vision_tokens:  text_tokens: stela of the royal scribe amunnakht praising the divine barque of amun-re, lord of the thrones of the two lands nan egyptian art ca. 1184–1070 bce limestone, pigment"
471218,King Louis IX Carrying the Crown of Thorns nan The Cloisters ca. 1245–48 Pot-metal glass and vitreous paint vision_tokens:  text_tokens: king louis ix carrying the crown of thorns nan the cloisters ca. 1245–48 pot-metal glass and vitreous paint
625737,Worker Shabti of Nauny nan Egyptian Art ca. 1050 B.C. Faience vision_tokens:  text_tokens: worker shabti of nauny nan egyptian art ca. 1050 b.c. faience
625744,Worker Shabti of Nauny nan Egyptian Art ca. 1050 B.C. Faience vision_tokens:  text_tokens: worker shabti of nauny nan egyptian art ca. 1050 b.c. faience
625739,Worker Shabti of Nauny nan Egyptian Art ca. 1050 B.C. Faience vision_tokens:  text_tokens: worker shabti of nauny nan egyptian art ca. 1050 b.c. faience
625738,Worker Shabti of Nauny nan Egyptian Art ca. 1050 B.C. Faience vision_tokens:  text_tokens: worker shabti of nauny nan egyptian art ca. 1050 b.c. faience
625750,Worker Shabti of Nauny nan Egyptian Art ca. 1050 B.C. Faience vision_tokens:  text_tokens: worker shabti of nauny nan egyptian art ca. 1050 b.c. faience
625753,Worker Shabti of Nauny nan Egyptian Art ca. 1050 B.C. Faience vision_tokens:  text_tokens: worker shabti of nauny nan egyptian art ca. 1050 b.c. faience
625743,Worker Shabti of Nauny nan Egyptian Art ca. 1050 B.C. Faience vision_tokens:  text_tokens: worker shabti of nauny nan egyptian art ca. 1050 b.c. faience
625733,Worker Shabti of Nauny nan Egyptian Art ca. 1050 B.C. Faience vision_tokens:  text_tokens: worker shabti of nauny nan egyptian art ca. 1050 b.c. faience
625752,Worker Shabti of Nauny nan Egyptian Art ca. 1050 B.C. Faience vision_tokens:  text_tokens: worker shabti of nauny nan egyptian art ca. 1050 b.c. faience
625745,Worker Shabti of Nauny nan Egyptian Art ca. 1050 B.C. Faience vision_tokens:  text_tokens: worker shabti of nauny nan egyptian art ca. 1050 b.c. faience
625734,Worker Shabti of Nauny nan Egyptian Art ca. 1050 B.C. Faience vision_tokens:  text_tokens: worker shabti of nauny nan egyptian art ca. 1050 b.c. faience
625751,Worker Shabti of Nauny nan Egyptian Art ca. 1050 B.C. Faience vision_tokens:  text_tokens: worker shabti of nauny nan egyptian art ca. 1050 b.c. faience
625741,Worker Shabti of Nauny nan Egyptian Art ca. 1050 B.C. Faience vision_tokens:  text_tokens: worker shabti of nauny nan egyptian art ca. 1050 b.c. faience
625749,Worker Shabti of Nauny nan Egyptian Art ca. 1050 B.C. Faience vision_tokens:  text_tokens: worker shabti of nauny nan egyptian art ca. 1050 b.c. faience
625746,Worker Shabti of Nauny nan Egyptian Art ca. 1050 B.C. Faience vision_tokens:  text_tokens: worker shabti of nauny nan egyptian art ca. 1050 b.c. faience
625735,Worker Shabti of Nauny nan Egyptian Art ca. 1050 B.C. Faience vision_tokens:  text_tokens: worker shabti of nauny nan egyptian art ca. 1050 b.c. faience
625740,Worker Shabti of Nauny nan Egyptian Art ca. 1050 B.C. Faience vision_tokens:  text_tokens: worker shabti of nauny nan egyptian art ca. 1050 b.c. faience
625742,Worker Shabti of Nauny nan Egyptian Art ca. 1050 B.C. Faience vision_tokens:  text_tokens: worker shabti of nauny nan egyptian art ca. 1050 b.c. faience
625747,Worker Shabti of Nauny nan Egyptian Art ca. 1050 B.C. Faience vision_tokens:  text_tokens: worker shabti of nauny nan egyptian art ca. 1050 b.c. faience
625736,Worker Shabti of Nauny nan Egyptian Art ca. 1050 B.C. Faience vision_tokens:  text_tokens: worker shabti of nauny nan egyptian art ca. 1050 b.c. faience
625732,Worker Shabti of Nauny nan Egyptian Art ca. 1050 B.C. Faience vision_tokens:  text_tokens: worker shabti of nauny nan egyptian art ca. 1050 b.c. faience
625748,Worker Shabti of Nauny nan Egyptian Art ca. 1050 B.C. Faience vision_tokens:  text_tokens: worker shabti of nauny nan egyptian art ca. 1050 b.c. faience
625811,Worker Shabti of Nauny nan Egyptian Art ca. 1050 B.C. Faience vision_tokens:  text_tokens: worker shabti of nauny nan egyptian art ca. 1050 b.c. faience
625822,Worker Shabti of Nauny nan Egyptian Art ca. 1050 B.C. Faience vision_tokens:  text_tokens: worker shabti of nauny nan egyptian art ca. 1050 b.c. faience
625810,Worker Shabti of Nauny nan Egyptian Art ca. 1050 B.C. Faience vision_tokens:  text_tokens: worker shabti of nauny nan egyptian art ca. 1050 b.c. faience
625857,Worker Shabti of Nauny nan Egyptian Art ca. 1050 B.C. Faience vision_tokens:  text_tokens: worker shabti of nauny nan egyptian art ca. 1050 b.c. faience
625816,Worker Shabti of Nauny nan Egyptian Art ca. 1050 B.C. Faience vision_tokens:  text_tokens: worker shabti of nauny nan egyptian art ca. 1050 b.c. faience
625813,Worker Shabti of Nauny nan Egyptian Art ca. 1050 B.C. Faience vision_tokens:  text_tokens: worker shabti of nauny nan egyptian art ca. 1050 b.c. faience
625812,Worker Shabti of Nauny nan Egyptian Art ca. 1050 B.C. Faience vision_tokens:  text_tokens: worker shabti of nauny nan egyptian art ca. 1050 b.c. faience
625818,Worker Shabti of Nauny nan Egyptian Art ca. 1050 B.C. Faience vision_tokens:  text_tokens: worker shabti of nauny nan egyptian art ca. 1050 b.c. faience
625820,Worker Shabti of Nauny nan Egyptian Art ca. 1050 B.C. Faience vision_tokens:  text_tokens: worker shabti of nauny nan egyptian art ca. 1050 b.c. faience
625821,Worker Shabti of Nauny nan Egyptian Art ca. 1050 B.C. Faience vision_tokens:  text_tokens: worker shabti of nauny nan egyptian art ca. 1050 b.c. faience
625819,Worker Shabti of Nauny nan Egyptian Art ca. 1050 B.C. Faience vision_tokens:  text_tokens: worker shabti of nauny nan egyptian art ca. 1050 b.c. faience
625859,Worker Shabti of Nauny nan Egyptian Art ca. 1050 B.C. Faience vision_tokens:  text_tokens: worker shabti of nauny nan egyptian art ca. 1050 b.c. faience
625860,Worker Shabti of Nauny nan Egyptian Art ca. 1050 B.C. Faience vision_tokens:  text_tokens: worker shabti of nauny nan egyptian art ca. 1050 b.c. faience
625814,Worker Shabti of Nauny nan Egyptian Art ca. 1050 B.C. Faience vision_tokens:  text_tokens: worker shabti of nauny nan egyptian art ca. 1050 b.c. faience
625856,Worker Shabti of Nauny nan Egyptian Art ca. 1050 B.C. Faience vision_tokens:  text_tokens: worker shabti of nauny nan egyptian art ca. 1050 b.c. faience
625861,Worker Shabti of Nauny nan Egyptian Art ca. 1050 B.C. Faience vision_tokens:  text_tokens: worker shabti of nauny nan egyptian art ca. 1050 b.c. faience
625817,Worker Shabti of Nauny nan Egyptian Art ca. 1050 B.C. Faience vision_tokens:  text_tokens: worker shabti of nauny nan egyptian art ca. 1050 b.c. faience
625858,Worker Shabti of Nauny nan Egyptian Art ca. 1050 B.C. Faience vision_tokens:  text_tokens: worker shabti of nauny nan egyptian art ca. 1050 b.c. faience
625823,Worker Shabti of Nauny nan Egyptian Art ca. 1050 B.C. Faience vision_tokens:  text_tokens: worker shabti of nauny nan egyptian art ca. 1050 b.c. faience
625815,Worker Shabti of Nauny nan Egyptian Art ca. 1050 B.C. Faience vision_tokens:  text_tokens: worker shabti of nauny nan egyptian art ca. 1050 b.c. faience
625909,Worker Shabti of Nauny nan Egyptian Art ca. 1050 B.C. Faience vision_tokens:  text_tokens: worker shabti of nauny nan egyptian art ca. 1050 b.c. faience
625910,Worker Shabti of Nauny nan Egyptian Art ca. 1050 B.C. Faience vision_tokens:  text_tokens: worker shabti of nauny nan egyptian art ca. 1050 b.c. faience
625901,Worker Shabti of Nauny nan Egyptian Art ca. 1050 B.C. Faience vision_tokens:  text_tokens: worker shabti of nauny nan egyptian art ca. 1050 b.c. faience
625908,Worker Shabti of Nauny nan Egyptian Art ca. 1050 B.C. Faience vision_tokens:  text_tokens: worker shabti of nauny nan egyptian art ca. 1050 b.c. faience
625911,Worker Shabti of Nauny nan Egyptian Art ca. 1050 B.C. Faience vision_tokens:  text_tokens: worker shabti of nauny nan egyptian art ca. 1050 b.c. faience
625900,Worker Shabti of Nauny nan Egyptian Art ca. 1050 B.C. Faience vision_tokens:  text_tokens: worker shabti of nauny nan egyptian art ca. 1050 b.c. faience
625905,Worker Shabti of Nauny nan Egyptian Art ca. 1050 B.C. Faience vision_tokens:  text_tokens: worker shabti of nauny nan egyptian art ca. 1050 b.c. faience
625902,Worker Shabti of Nauny nan Egyptian Art ca. 1050 B.C. Faience vision_tokens:  text_tokens: worker shabti of nauny nan egyptian art ca. 1050 b.c. faience
625907,Worker Shabti of Nauny nan Egyptian Art ca. 1050 B.C. Faience vision_tokens:  text_tokens: worker shabti of nauny nan egyptian art ca. 1050 b.c. faience
625903,Worker Shabti of Nauny nan Egyptian Art ca. 1050 B.C. Faience vision_tokens:  text_tokens: worker shabti of nauny nan egyptian art ca. 1050 b.c. faience
625906,Worker Shabti of Nauny nan Egyptian Art ca. 1050 B.C. Faience vision_tokens:  text_tokens: worker shabti of nauny nan egyptian art ca. 1050 b.c. faience
625904,Worker Shabti of Nauny nan Egyptian Art ca. 1050 B.C. Faience vision_tokens:  text_tokens: worker shabti of nauny nan egyptian art ca. 1050 b.c. faience
625941,Worker Shabti of Nauny nan Egyptian Art ca. 1050 B.C. Faience vision_tokens:  text_tokens: worker shabti of nauny nan egyptian art ca. 1050 b.c. faience
625940,Worker Shabti of Nauny nan Egyptian Art ca. 1050 B.C. Faience vision_tokens:  text_tokens: worker shabti of nauny nan egyptian art ca. 1050 b.c. faience
625950,Worker Shabti of Nauny nan Egyptian Art ca. 1050 B.C. Faience vision_tokens:  text_tokens: worker shabti of nauny nan egyptian art ca. 1050 b.c. faience
625949,Worker Shabti of Nauny nan Egyptian Art ca. 1050 B.C. Faience vision_tokens:  text_tokens: worker shabti of nauny nan egyptian art ca. 1050 b.c. faience
625947,Worker Shabti of Nauny nan Egyptian Art ca. 1050 B.C. Faience vision_tokens:  text_tokens: worker shabti of nauny nan egyptian art ca. 1050 b.c. faience
625944,Worker Shabti of Nauny nan Egyptian Art ca. 1050 B.C. Faience vision_tokens:  text_tokens: worker shabti of nauny nan egyptian art ca. 1050 b.c. faience
625948,Worker Shabti of Nauny nan Egyptian Art ca. 1050 B.C. Faience vision_tokens:  text_tokens: worker shabti of nauny nan egyptian art ca. 1050 b.c. faience
625960,Worker Shabti of Nauny nan Egyptian Art ca. 1050 B.C. Faience vision_tokens:  text_tokens: worker shabti of nauny nan egyptian art ca. 1050 b.c. faience
625943,Worker Shabti of Nauny nan Egyptian Art ca. 1050 B.C. Faience vision_tokens:  text_tokens: worker shabti of nauny nan egyptian art ca. 1050 b.c. faience
625951,Worker Shabti of Nauny nan Egyptian Art ca. 1050 B.C. Faience vision_tokens:  text_tokens: worker shabti of nauny nan egyptian art ca. 1050 b.c. faience
625946,Worker Shabti of Nauny nan Egyptian Art ca. 1050 B.C. Faience vision_tokens:  text_tokens: worker shabti of nauny nan egyptian art ca. 1050 b.c. faience
625961,Worker Shabti of Nauny nan Egyptian Art ca. 1050 B.C. Faience vision_tokens:  text_tokens: worker shabti of nauny nan egyptian art ca. 1050 b.c. faience
625945,Worker Shabti of Nauny nan Egyptian Art ca. 1050 B.C. Faience vision_tokens:  text_tokens: worker shabti of nauny nan egyptian art ca. 1050 b.c. faience
625939,Worker Shabti of Nauny nan Egyptian Art ca. 1050 B.C. Faience vision_tokens:  text_tokens: worker shabti of nauny nan egyptian art ca. 1050 b.c. faience
625942,Worker Shabti of Nauny nan Egyptian Art ca. 1050 B.C. Faience vision_tokens:  text_tokens: worker shabti of nauny nan egyptian art ca. 1050 b.c. faience
557576,"Model Jar from a Foundation Deposit nan Egyptian Art ca. 1479–1425 B.C. Travertine (Egyptian alabaster), paint vision_tokens:  text_tokens: model jar from a foundation deposit nan egyptian art ca. 1479–1425 b.c. travertine (egyptian alabaster), paint"
557578,"Model Dish from a Foundation Depsoit nan Egyptian Art ca. 1479–1425 B.C. Travertine (Egyptian alabaster), paint vision_tokens:  text_tokens: model dish from a foundation depsoit nan egyptian art ca. 1479–1425 b.c. travertine (egyptian alabaster), paint"
545393,Stela of the Overseer of the Fortress Intef nan Egyptian Art ca. 2000–1988 B.C. Limestone vision_tokens:  text_tokens: stela of the overseer of the fortress intef nan egyptian art ca. 2000–1988 b.c. limestone
39632,Seated luohan with a servant nan Asian Art late 18th–early 19th century Malachite vision_tokens:  text_tokens: seated luohan with a servant nan asian art late 18th–early 19th century malachite
448466,"""Hamid Bhakari Punished by Akbar"", Folio from a Manuscript of the Akbarnama. Folio from the Davis Album Abu'l Fazl Islamic Art ca. 1604 Ink, opaque watercolor, and gold on paper vision_tokens:  text_tokens: ""hamid bhakari punished by akbar"", folio from a manuscript of the akbarnama. folio from the davis album abu'l fazl islamic art ca. 1604 ink, opaque watercolor, and gold on paper"
546316,Statue of the Steward Au nan Egyptian Art ca. 1925–1900 B.C. Limestone vision_tokens:  text_tokens: statue of the steward au nan egyptian art ca. 1925–1900 b.c. limestone
557155,"Stela of Inamennayefnebu nan Egyptian Art ca. 825–712 B.C. Wood, paste, paint vision_tokens:  text_tokens: stela of inamennayefnebu nan egyptian art ca. 825–712 b.c. wood, paste, paint"
282234,The Refectory of the Imperial Asylum at Vincennes Charles Nègre Photographs 1858–59 Salted paper print from glass negative vision_tokens:  text_tokens: the refectory of the imperial asylum at vincennes charles nègre photographs 1858–59 salted paper print from glass negative
189425,"The Louis XV Room Jean-François Roumier European Sculpture and Decorative Arts ca. 1720–25, with later additions Carved, painted and gilded oak vision_tokens:  text_tokens: the louis xv room jean-françois roumier european sculpture and decorative arts ca. 1720–25, with later additions carved, painted and gilded oak"
251469,Terracotta amphora (jar) Praxias Group Greek and Roman Art early 5th century BCE Terracotta vision_tokens:  text_tokens: terracotta amphora (jar) praxias group greek and roman art early 5th century bce terracotta
371418,"The Lictors Bringing Brutus the Bodies of his Sons Jacques Louis David Drawings and Prints 1787 Black chalk, pen and black and brown ink, brush and gray and brown wash, heightened with white gouache vision_tokens:  text_tokens: the lictors bringing brutus the bodies of his sons jacques louis david drawings and prints 1787 black chalk, pen and black and brown ink, brush and gray and brown wash, heightened with white gouache"
29341,Snaffle Bit nan Arms and Armor 3rd century BCE Copper alloy (bronze) vision_tokens:  text_tokens: snaffle bit nan arms and armor 3rd century bce copper alloy (bronze)
7366,"Secretary from the Jay Gould House, New York City Herter Brothers The American Wing 1882 Ebonized cherry, mahogany, cedar, and brass vision_tokens:  text_tokens: secretary from the jay gould house, new york city herter brothers the american wing 1882 ebonized cherry, mahogany, cedar, and brass"
550795,"Ptah-Sokar-Osiris Figure of Pakherenkhonsu nan Egyptian Art ca. 750–700 B.C. Wood, gesso, paint vision_tokens:  text_tokens: ptah-sokar-osiris figure of pakherenkhonsu nan egyptian art ca. 750–700 b.c. wood, gesso, paint"
554782,Mud Brick Stamped with the Throne Names Aakheperkare (Thutmose I) and Maatkare (Hatshepsut) nan Egyptian Art ca. 1479–1458 B.C. Mud vision_tokens:  text_tokens: mud brick stamped with the throne names aakheperkare (thutmose i) and maatkare (hatshepsut) nan egyptian art ca. 1479–1458 b.c. mud
560619,Mud Brick Stamped with the Royal Names of Aakheperkare (Thutmose I) and Maatkare (Hatshepsut) nan Egyptian Art ca. 1479–1458 B.C. Mud vision_tokens:  text_tokens: mud brick stamped with the royal names of aakheperkare (thutmose i) and maatkare (hatshepsut) nan egyptian art ca. 1479–1458 b.c. mud
545191,"Funerary Papyrus of Nauny nan Egyptian Art ca. 1050 B.C. Papyrus, paint vision_tokens:  text_tokens: funerary papyrus of nauny nan egyptian art ca. 1050 b.c. papyrus, paint"
196054,"Standing cup with cover Matthäus Baur II European Sculpture and Decorative Arts 1695–1700 Gold-ruby glass, silver-gilt mounts vision_tokens:  text_tokens: standing cup with cover matthäus baur ii european sculpture and decorative arts 1695–1700 gold-ruby glass, silver-gilt mounts"
897907,"Armchair Eliphalet Chapin The American Wing ca. 1781 Cherry, white pine, modern upholstery vision_tokens:  text_tokens: armchair eliphalet chapin the american wing ca. 1781 cherry, white pine, modern upholstery"
590593,"Relief of Queen Neferu having her hair done nan Egyptian Art ca. 2051–2030 B.C. Limestone, paint vision_tokens:  text_tokens: relief of queen neferu having her hair done nan egyptian art ca. 2051–2030 b.c. limestone, paint"
569711,"Amuletic plaque of Paser, the Vizier of Seti I and Ramesses II Paser Egyptian Art ca. 1294–1213 B.C. Faience vision_tokens:  text_tokens: amuletic plaque of paser, the vizier of seti i and ramesses ii paser egyptian art ca. 1294–1213 b.c. faience"
329077,Head of a ruler nan Ancient West Asian Art ca. 2300–2000 BCE Copper alloy vision_tokens:  text_tokens: head of a ruler nan ancient west asian art ca. 2300–2000 bce copper alloy
544740,"Yuny and His Wife Renenutet nan Egyptian Art ca. 1294–1279 B.C. Limestone, paint vision_tokens:  text_tokens: yuny and his wife renenutet nan egyptian art ca. 1294–1279 b.c. limestone, paint"
205107,The Composer André-Ernest-Modeste Grétry (1741–1813) Jean-Baptiste Stouf European Sculpture and Decorative Arts 1804–8 Marble vision_tokens:  text_tokens: the composer andré-ernest-modeste grétry (1741–1813) jean-baptiste stouf european sculpture and decorative arts 1804–8 marble
198869,"Jacobite ""amen"" glass nan European Sculpture and Decorative Arts between 1720 and 1749 Glass vision_tokens:  text_tokens: jacobite ""amen"" glass nan european sculpture and decorative arts between 1720 and 1749 glass"
446176,"Page of Calligraphy from an Anthology of Poetry by Sa`di and Hafiz Sa'di Islamic Art late 15th century Ink, opaque watercolor, silver, and gold on paper vision_tokens:  text_tokens: page of calligraphy from an anthology of poetry by sa`di and hafiz sa'di islamic art late 15th century ink, opaque watercolor, silver, and gold on paper"
200668,Sabine Houdon (1787–1836) Jean Antoine Houdon European Sculpture and Decorative Arts 1788 White marble on gray marble socle vision_tokens:  text_tokens: sabine houdon (1787–1836) jean antoine houdon european sculpture and decorative arts 1788 white marble on gray marble socle
188442,"Ferdinand Victor Eugène Delacroix (1798–1863) Pierre Jean David d'Angers European Sculpture and Decorative Arts 1828 Bronze, brown patina vision_tokens:  text_tokens: ferdinand victor eugène delacroix (1798–1863) pierre jean david d'angers european sculpture and decorative arts 1828 bronze, brown patina"
194960,"Vase Haviland & Co. European Sculpture and Decorative Arts 1882–86 Stoneware, clay, gilt vision_tokens:  text_tokens: vase haviland & co. european sculpture and decorative arts 1882–86 stoneware, clay, gilt"
239487,Vase with goat masks Christopher Dresser European Sculpture and Decorative Arts ca. 1894 Stoneware vision_tokens:  text_tokens: vase with goat masks christopher dresser european sculpture and decorative arts ca. 1894 stoneware
329790,Shabti of Shedsuhori nan Egyptian Art ca. 980–930 B.C. Faience vision_tokens:  text_tokens: shabti of shedsuhori nan egyptian art ca. 980–930 b.c. faience
435683,Island of the Dead Arnold Böcklin European Paintings 1880 Oil on wood vision_tokens:  text_tokens: island of the dead arnold böcklin european paintings 1880 oil on wood
231925,"Armchair (one of a pair) (part of a set) Johann Michael Bauer European Sculpture and Decorative Arts ca. 1763–64 Carved, painted and gilded limewood; squab pillow in silk velvet (not original) vision_tokens:  text_tokens: armchair (one of a pair) (part of a set) johann michael bauer european sculpture and decorative arts ca. 1763–64 carved, painted and gilded limewood squab pillow in silk velvet (not original)"
231926,"Armchair (one of a pair) (part of a set) Johann Michael Bauer European Sculpture and Decorative Arts ca. 1763–64 Carved, painted and gilded limewood; squab pillow in silk velvet (not original) vision_tokens:  text_tokens: armchair (one of a pair) (part of a set) johann michael bauer european sculpture and decorative arts ca. 1763–64 carved, painted and gilded limewood squab pillow in silk velvet (not original)"
231922,"Side chair (one of four) (part of a set) Johann Michael Bauer European Sculpture and Decorative Arts ca. 1763–64 Carved, painted and gilded limewood; squab pillow in silk velvet (not original) vision_tokens:  text_tokens: side chair (one of four) (part of a set) johann michael bauer european sculpture and decorative arts ca. 1763–64 carved, painted and gilded limewood squab pillow in silk velvet (not original)"
231924,"Side chair (one of four) (part of a set) Johann Michael Bauer European Sculpture and Decorative Arts ca. 1763–64 Carved, painted and gilded limewood; squab pillow in silk velvet (not original) vision_tokens:  text_tokens: side chair (one of four) (part of a set) johann michael bauer european sculpture and decorative arts ca. 1763–64 carved, painted and gilded limewood squab pillow in silk velvet (not original)"
193674,"Reliquary nan European Sculpture and Decorative Arts 16th century Gold, rock crystal, enamel vision_tokens:  text_tokens: reliquary nan european sculpture and decorative arts 16th century gold, rock crystal, enamel"
29346,"Curb Bit nan Arms and Armor 1st century BCE–1st century CE Copper alloy (bronze), iron alloy vision_tokens:  text_tokens: curb bit nan arms and armor 1st century bce–1st century ce copper alloy (bronze), iron alloy"
231923,"Side chair (one of four) (part of a set) Johann Michael Bauer European Sculpture and Decorative Arts ca. 1763–64 Carved, painted and gilded limewood; squab pillow in silk velvet (not original) vision_tokens:  text_tokens: side chair (one of four) (part of a set) johann michael bauer european sculpture and decorative arts ca. 1763–64 carved, painted and gilded limewood squab pillow in silk velvet (not original)"
545217,Scarab of an Official nan Egyptian Art ca. 1760–1670 B.C. Green glazed steatite vision_tokens:  text_tokens: scarab of an official nan egyptian art ca. 1760–1670 b.c. green glazed steatite
545233,Scarab of an Official nan Egyptian Art ca. 1740–1640 B.C. Bright blue glazed steatite vision_tokens:  text_tokens: scarab of an official nan egyptian art ca. 1740–1640 b.c. bright blue glazed steatite
545695,Scarab of an Official nan Egyptian Art ca. 1760–1670 B.C. Steatite vision_tokens:  text_tokens: scarab of an official nan egyptian art ca. 1760–1670 b.c. steatite
545694,Scarab of an Official nan Egyptian Art ca. 1740–1640 B.C. Steatite vision_tokens:  text_tokens: scarab of an official nan egyptian art ca. 1740–1640 b.c. steatite
557044,Scarab of an Official nan Egyptian Art ca. 1760–1670 B.C. Green glazed steatite vision_tokens:  text_tokens: scarab of an official nan egyptian art ca. 1760–1670 b.c. green glazed steatite
557043,Scarab of an Official nan Egyptian Art ca. 1740–1640 B.C. Glazed steatite vision_tokens:  text_tokens: scarab of an official nan egyptian art ca. 1740–1640 b.c. glazed steatite
544273,"Funerary stela of the bowman Semin nan Egyptian Art ca. 2120–2051 B.C. Limestone, paint vision_tokens:  text_tokens: funerary stela of the bowman semin nan egyptian art ca. 2120–2051 b.c. limestone, paint"
556252,Scarab of the Overseer of the Troops Sebeknakht nan Egyptian Art ca. 1760–1670 B.C. Glazed steatite vision_tokens:  text_tokens: scarab of the overseer of the troops sebeknakht nan egyptian art ca. 1760–1670 b.c. glazed steatite
625731,Worker Shabti of Nauny nan Egyptian Art ca. 1050 B.C. Faience vision_tokens:  text_tokens: worker shabti of nauny nan egyptian art ca. 1050 b.c. faience
625833,Worker Shabti of Nauny nan Egyptian Art ca. 1050 B.C. Faience vision_tokens:  text_tokens: worker shabti of nauny nan egyptian art ca. 1050 b.c. faience
625827,Overseer Shabti of Nauny nan Egyptian Art ca. 1050 B.C. Faience vision_tokens:  text_tokens: overseer shabti of nauny nan egyptian art ca. 1050 b.c. faience
625826,Overseer Shabti of Nauny nan Egyptian Art ca. 1050 B.C. Faience vision_tokens:  text_tokens: overseer shabti of nauny nan egyptian art ca. 1050 b.c. faience
625899,Worker Shabti of Nauny nan Egyptian Art ca. 1050 B.C. Faience vision_tokens:  text_tokens: worker shabti of nauny nan egyptian art ca. 1050 b.c. faience
625916,Overseer Shabti of Nauny nan Egyptian Art ca. 1050 B.C. Faience vision_tokens:  text_tokens: overseer shabti of nauny nan egyptian art ca. 1050 b.c. faience
436785,Honfleur Johan Barthold Jongkind European Paintings 1865 Oil on canvas vision_tokens:  text_tokens: honfleur johan barthold jongkind european paintings 1865 oil on canvas
73554,"“The Tiger of Ryōkoku,” from the series True Scenes by Hirokage Utagawa Hirokage Asian Art 8th month, 1860 Woodblock print; ink and color on paper vision_tokens:  text_tokens: “the tiger of ryōkoku,” from the series true scenes by hirokage utagawa hirokage asian art 8th month, 1860 woodblock print ink and color on paper"
39569,"Eighteen Songs of a Nomad Flute: The Story of Lady Wenji Unidentified artist Asian Art early 15th century Handscroll; ink, color, and gold on silk vision_tokens:  text_tokens: eighteen songs of a nomad flute: the story of lady wenji unidentified artist asian art early 15th century handscroll ink, color, and gold on silk"
753909,"Who says, Parisians are never satisfied!, from 'Theater sketches,' published in Le Charivari, February 13, 1864 Honoré Daumier Drawings and Prints February 13, 1864 Lithograph on newsprint; second state of two (Delteil) vision_tokens:  text_tokens: who says, parisians are never satisfied!, from 'theater sketches,' published in le charivari, february 13, 1864 honoré daumier drawings and prints february 13, 1864 lithograph on newsprint second state of two (delteil)"
436653,Woodland Road Meyndert Hobbema European Paintings ca. 1670 Oil on canvas vision_tokens:  text_tokens: woodland road meyndert hobbema european paintings ca. 1670 oil on canvas
548585,"Osiride Figure of Kenamun nan Egyptian Art ca. 1427–1400 B.C. Wood, paint vision_tokens:  text_tokens: osiride figure of kenamun nan egyptian art ca. 1427–1400 b.c. wood, paint"
437609,The Holy Family with the Young Saint John the Baptist Andrea del Sarto (Andrea d'Agnolo) European Paintings ca. 1528 Oil on wood vision_tokens:  text_tokens: the holy family with the young saint john the baptist andrea del sarto (andrea d'agnolo) european paintings ca. 1528 oil on wood
591138,Head of a lion nan Egyptian Art 400–300 B.C. Gypsum plaster vision_tokens:  text_tokens: head of a lion nan egyptian art 400–300 b.c. gypsum plaster
449311,Seal Stone nan Islamic Art 10th–11th century Lapis lazuli vision_tokens:  text_tokens: seal stone nan islamic art 10th–11th century lapis lazuli
437422,Charity Guido Reni European Paintings ca. 1630 Oil on canvas vision_tokens:  text_tokens: charity guido reni european paintings ca. 1630 oil on canvas
206965,"Longcase astronomical regulator Ferdinand Berthoud European Sculpture and Decorative Arts ca. 1768–70 Case: oak veneered with ebony and brass, with gilt-bronze mounts; Dial: white enamel; Movement: gilded brass and steel vision_tokens:  text_tokens: longcase astronomical regulator ferdinand berthoud european sculpture and decorative arts ca. 1768–70 case: oak veneered with ebony and brass, with gilt-bronze mounts dial: white enamel movement: gilded brass and steel"
207247,Shoulao Chantilly European Sculpture and Decorative Arts ca. 1735–40 Tin-glazed soft-paste porcelain decorataed in polychrome enamels vision_tokens:  text_tokens: shoulao chantilly european sculpture and decorative arts ca. 1735–40 tin-glazed soft-paste porcelain decorataed in polychrome enamels
248166,Terracotta statuette of a standing woman nan Greek and Roman Art late 4th–early 3rd century BCE Terracotta vision_tokens:  text_tokens: terracotta statuette of a standing woman nan greek and roman art late 4th–early 3rd century bce terracotta
317877,Processional Cross Northern Highlands artist The Michael C. Rockefeller Wing 14th–15th century Brass vision_tokens:  text_tokens: processional cross northern highlands artist the michael c. rockefeller wing 14th–15th century brass
196378,"Louis Nicolas Victor de Félix, Comte du Muy and Marshal of France (1711–1775) Jean Jacques Caffiéri European Sculpture and Decorative Arts 1776 Marble vision_tokens:  text_tokens: louis nicolas victor de félix, comte du muy and marshal of france (1711–1775) jean jacques caffiéri european sculpture and decorative arts 1776 marble"
544320,"Stela of the Steward Mentuwoser nan Egyptian Art ca. 1944 B.C. Limestone, paint vision_tokens:  text_tokens: stela of the steward mentuwoser nan egyptian art ca. 1944 b.c. limestone, paint"
42743,Armchair nan Asian Art 17th century Purple sandalwood (zitan) vision_tokens:  text_tokens: armchair nan asian art 17th century purple sandalwood (zitan)
467608,"Panagiarion with the Virgin and Child and the Three Angels at Mamre (interior) and the Crucifixion and Three Church Fathers (exterior) nan Medieval Art ca. 1500 or later Wood, stained, silver-gilt, pearls and garnet vision_tokens:  text_tokens: panagiarion with the virgin and child and the three angels at mamre (interior) and the crucifixion and three church fathers (exterior) nan medieval art ca. 1500 or later wood, stained, silver-gilt, pearls and garnet"
549245,"Shabti of Paser, the Vizier of Seti I and Ramesses II Paser Egyptian Art ca. 1294–1213 B.C. Faience vision_tokens:  text_tokens: shabti of paser, the vizier of seti i and ramesses ii paser egyptian art ca. 1294–1213 b.c. faience"
625917,Worker Shabti of Nauny nan Egyptian Art ca. 1050 B.C. Faience vision_tokens:  text_tokens: worker shabti of nauny nan egyptian art ca. 1050 b.c. faience
587039,Worker Shabti of Nauny nan Egyptian Art ca. 1050 B.C. Faience vision_tokens:  text_tokens: worker shabti of nauny nan egyptian art ca. 1050 b.c. faience
587036,Worker Shabti of Nauny nan Egyptian Art ca. 1050 B.C. Faience vision_tokens:  text_tokens: worker shabti of nauny nan egyptian art ca. 1050 b.c. faience
587040,Worker Shabti of Nauny nan Egyptian Art ca. 1050 B.C. Faience vision_tokens:  text_tokens: worker shabti of nauny nan egyptian art ca. 1050 b.c. faience
587037,Worker Shabti of Nauny nan Egyptian Art ca. 1050 B.C. Faience vision_tokens:  text_tokens: worker shabti of nauny nan egyptian art ca. 1050 b.c. faience
587034,Overseer Shabti of Nauny nan Egyptian Art ca. 1050 B.C. Faience vision_tokens:  text_tokens: overseer shabti of nauny nan egyptian art ca. 1050 b.c. faience
587035,Worker Shabti of Nauny nan Egyptian Art ca. 1050 B.C. Faience vision_tokens:  text_tokens: worker shabti of nauny nan egyptian art ca. 1050 b.c. faience
587038,Worker Shabti of Nauny nan Egyptian Art ca. 1050 B.C. Faience vision_tokens:  text_tokens: worker shabti of nauny nan egyptian art ca. 1050 b.c. faience
551114,Overseer Shabti of Nauny nan Egyptian Art ca. 1050 B.C. Faience vision_tokens:  text_tokens: overseer shabti of nauny nan egyptian art ca. 1050 b.c. faience
625725,Worker Shabti of Nauny nan Egyptian Art ca. 1050 B.C. Faience vision_tokens:  text_tokens: worker shabti of nauny nan egyptian art ca. 1050 b.c. faience
625713,Worker Shabti of Nauny nan Egyptian Art ca. 1050 B.C. Faience vision_tokens:  text_tokens: worker shabti of nauny nan egyptian art ca. 1050 b.c. faience
625710,Worker Shabti of Nauny nan Egyptian Art ca. 1050 B.C. Faience vision_tokens:  text_tokens: worker shabti of nauny nan egyptian art ca. 1050 b.c. faience
625712,Worker Shabti of Nauny nan Egyptian Art ca. 1050 B.C. Faience vision_tokens:  text_tokens: worker shabti of nauny nan egyptian art ca. 1050 b.c. faience
625711,Worker Shabti of Nauny nan Egyptian Art ca. 1050 B.C. Faience vision_tokens:  text_tokens: worker shabti of nauny nan egyptian art ca. 1050 b.c. faience
625720,Worker Shabti of Nauny nan Egyptian Art ca. 1050 B.C. Faience vision_tokens:  text_tokens: worker shabti of nauny nan egyptian art ca. 1050 b.c. faience
625727,Worker Shabti of Nauny nan Egyptian Art ca. 1050 B.C. Faience vision_tokens:  text_tokens: worker shabti of nauny nan egyptian art ca. 1050 b.c. faience
625707,Worker Shabti of Nauny nan Egyptian Art ca. 1050 B.C. Faience vision_tokens:  text_tokens: worker shabti of nauny nan egyptian art ca. 1050 b.c. faience
625757,Overseer Shabti of Nauny nan Egyptian Art ca. 1050 B.C. Faience vision_tokens:  text_tokens: overseer shabti of nauny nan egyptian art ca. 1050 b.c. faience
625726,Worker Shabti of Nauny nan Egyptian Art ca. 1050 B.C. Faience vision_tokens:  text_tokens: worker shabti of nauny nan egyptian art ca. 1050 b.c. faience
625708,Worker Shabti of Nauny nan Egyptian Art ca. 1050 B.C. Faience vision_tokens:  text_tokens: worker shabti of nauny nan egyptian art ca. 1050 b.c. faience
625709,Worker Shabti of Nauny nan Egyptian Art ca. 1050 B.C. Faience vision_tokens:  text_tokens: worker shabti of nauny nan egyptian art ca. 1050 b.c. faience
625719,Worker Shabti of Nauny nan Egyptian Art ca. 1050 B.C. Faience vision_tokens:  text_tokens: worker shabti of nauny nan egyptian art ca. 1050 b.c. faience
625721,Worker Shabti of Nauny nan Egyptian Art ca. 1050 B.C. Faience vision_tokens:  text_tokens: worker shabti of nauny nan egyptian art ca. 1050 b.c. faience
625722,Worker Shabti of Nauny nan Egyptian Art ca. 1050 B.C. Faience vision_tokens:  text_tokens: worker shabti of nauny nan egyptian art ca. 1050 b.c. faience
625717,Worker Shabti of Nauny nan Egyptian Art ca. 1050 B.C. Faience vision_tokens:  text_tokens: worker shabti of nauny nan egyptian art ca. 1050 b.c. faience
625758,Overseer Shabti of Nauny nan Egyptian Art ca. 1050 B.C. Faience vision_tokens:  text_tokens: overseer shabti of nauny nan egyptian art ca. 1050 b.c. faience
625715,Worker Shabti of Nauny nan Egyptian Art ca. 1050 B.C. Faience vision_tokens:  text_tokens: worker shabti of nauny nan egyptian art ca. 1050 b.c. faience
625718,Worker Shabti of Nauny nan Egyptian Art ca. 1050 B.C. Faience vision_tokens:  text_tokens: worker shabti of nauny nan egyptian art ca. 1050 b.c. faience
625729,Worker Shabti of Nauny nan Egyptian Art ca. 1050 B.C. Faience vision_tokens:  text_tokens: worker shabti of nauny nan egyptian art ca. 1050 b.c. faience
625716,Worker Shabti of Nauny nan Egyptian Art ca. 1050 B.C. Faience vision_tokens:  text_tokens: worker shabti of nauny nan egyptian art ca. 1050 b.c. faience
625714,Worker Shabti of Nauny nan Egyptian Art ca. 1050 B.C. Faience vision_tokens:  text_tokens: worker shabti of nauny nan egyptian art ca. 1050 b.c. faience
625723,Worker Shabti of Nauny nan Egyptian Art ca. 1050 B.C. Faience vision_tokens:  text_tokens: worker shabti of nauny nan egyptian art ca. 1050 b.c. faience
625756,Overseer Shabti of Nauny nan Egyptian Art ca. 1050 B.C. Faience vision_tokens:  text_tokens: overseer shabti of nauny nan egyptian art ca. 1050 b.c. faience
625724,Worker Shabti of Nauny nan Egyptian Art ca. 1050 B.C. Faience vision_tokens:  text_tokens: worker shabti of nauny nan egyptian art ca. 1050 b.c. faience
625728,Worker Shabti of Nauny nan Egyptian Art ca. 1050 B.C. Faience vision_tokens:  text_tokens: worker shabti of nauny nan egyptian art ca. 1050 b.c. faience
625730,Worker Shabti of Nauny nan Egyptian Art ca. 1050 B.C. Faience vision_tokens:  text_tokens: worker shabti of nauny nan egyptian art ca. 1050 b.c. faience
625777,Worker Shabti of Nauny nan Egyptian Art ca. 1050 B.C. Faience vision_tokens:  text_tokens: worker shabti of nauny nan egyptian art ca. 1050 b.c. faience
625760,Overseer Shabti of Nauny nan Egyptian Art ca. 1050 B.C. Faience vision_tokens:  text_tokens: overseer shabti of nauny nan egyptian art ca. 1050 b.c. faience
625782,Worker Shabti of Nauny nan Egyptian Art ca. 1050 B.C. Faience vision_tokens:  text_tokens: worker shabti of nauny nan egyptian art ca. 1050 b.c. faience
625806,Worker Shabti of Nauny nan Egyptian Art ca. 1050 B.C. Faience vision_tokens:  text_tokens: worker shabti of nauny nan egyptian art ca. 1050 b.c. faience
625759,Overseer Shabti of Nauny nan Egyptian Art ca. 1050 B.C. Faience vision_tokens:  text_tokens: overseer shabti of nauny nan egyptian art ca. 1050 b.c. faience
625796,Worker Shabti of Nauny nan Egyptian Art ca. 1050 B.C. Faience vision_tokens:  text_tokens: worker shabti of nauny nan egyptian art ca. 1050 b.c. faience
625780,Worker Shabti of Nauny nan Egyptian Art ca. 1050 B.C. Faience vision_tokens:  text_tokens: worker shabti of nauny nan egyptian art ca. 1050 b.c. faience
625790,Worker Shabti of Nauny nan Egyptian Art ca. 1050 B.C. Faience vision_tokens:  text_tokens: worker shabti of nauny nan egyptian art ca. 1050 b.c. faience
625773,Worker Shabti of Nauny nan Egyptian Art ca. 1050 B.C. Faience vision_tokens:  text_tokens: worker shabti of nauny nan egyptian art ca. 1050 b.c. faience
625775,Worker Shabti of Nauny nan Egyptian Art ca. 1050 B.C. Faience vision_tokens:  text_tokens: worker shabti of nauny nan egyptian art ca. 1050 b.c. faience
625779,Worker Shabti of Nauny nan Egyptian Art ca. 1050 B.C. Faience vision_tokens:  text_tokens: worker shabti of nauny nan egyptian art ca. 1050 b.c. faience
625767,Worker Shabti of Nauny nan Egyptian Art ca. 1050 B.C. Faience vision_tokens:  text_tokens: worker shabti of nauny nan egyptian art ca. 1050 b.c. faience
625761,Worker Shabti of Nauny nan Egyptian Art ca. 1050 B.C. Faience vision_tokens:  text_tokens: worker shabti of nauny nan egyptian art ca. 1050 b.c. faience
625772,Worker Shabti of Nauny nan Egyptian Art ca. 1050 B.C. Faience vision_tokens:  text_tokens: worker shabti of nauny nan egyptian art ca. 1050 b.c. faience
625808,Worker Shabti of Nauny nan Egyptian Art ca. 1050 B.C. Faience vision_tokens:  text_tokens: worker shabti of nauny nan egyptian art ca. 1050 b.c. faience
625802,Worker Shabti of Nauny nan Egyptian Art ca. 1050 B.C. Faience vision_tokens:  text_tokens: worker shabti of nauny nan egyptian art ca. 1050 b.c. faience
625778,Worker Shabti of Nauny nan Egyptian Art ca. 1050 B.C. Faience vision_tokens:  text_tokens: worker shabti of nauny nan egyptian art ca. 1050 b.c. faience
625786,Worker Shabti of Nauny nan Egyptian Art ca. 1050 B.C. Faience vision_tokens:  text_tokens: worker shabti of nauny nan egyptian art ca. 1050 b.c. faience
625797,Worker Shabti of Nauny nan Egyptian Art ca. 1050 B.C. Faience vision_tokens:  text_tokens: worker shabti of nauny nan egyptian art ca. 1050 b.c. faience
625765,Worker Shabti of Nauny nan Egyptian Art ca. 1050 B.C. Faience vision_tokens:  text_tokens: worker shabti of nauny nan egyptian art ca. 1050 b.c. faience
625774,Worker Shabti of Nauny nan Egyptian Art ca. 1050 B.C. Faience vision_tokens:  text_tokens: worker shabti of nauny nan egyptian art ca. 1050 b.c. faience
625764,Worker Shabti of Nauny nan Egyptian Art ca. 1050 B.C. Faience vision_tokens:  text_tokens: worker shabti of nauny nan egyptian art ca. 1050 b.c. faience
625791,Worker Shabti of Nauny nan Egyptian Art ca. 1050 B.C. Faience vision_tokens:  text_tokens: worker shabti of nauny nan egyptian art ca. 1050 b.c. faience
625792,Worker Shabti of Nauny nan Egyptian Art ca. 1050 B.C. Faience vision_tokens:  text_tokens: worker shabti of nauny nan egyptian art ca. 1050 b.c. faience
625785,Worker Shabti of Nauny nan Egyptian Art ca. 1050 B.C. Faience vision_tokens:  text_tokens: worker shabti of nauny nan egyptian art ca. 1050 b.c. faience
625795,Worker Shabti of Nauny nan Egyptian Art ca. 1050 B.C. Faience vision_tokens:  text_tokens: worker shabti of nauny nan egyptian art ca. 1050 b.c. faience
625771,Worker Shabti of Nauny nan Egyptian Art ca. 1050 B.C. Faience vision_tokens:  text_tokens: worker shabti of nauny nan egyptian art ca. 1050 b.c. faience
625766,Worker Shabti of Nauny nan Egyptian Art ca. 1050 B.C. Faience vision_tokens:  text_tokens: worker shabti of nauny nan egyptian art ca. 1050 b.c. faience
625784,Worker Shabti of Nauny nan Egyptian Art ca. 1050 B.C. Faience vision_tokens:  text_tokens: worker shabti of nauny nan egyptian art ca. 1050 b.c. faience
625793,Worker Shabti of Nauny nan Egyptian Art ca. 1050 B.C. Faience vision_tokens:  text_tokens: worker shabti of nauny nan egyptian art ca. 1050 b.c. faience
625762,Worker Shabti of Nauny nan Egyptian Art ca. 1050 B.C. Faience vision_tokens:  text_tokens: worker shabti of nauny nan egyptian art ca. 1050 b.c. faience
625799,Worker Shabti of Nauny nan Egyptian Art ca. 1050 B.C. Faience vision_tokens:  text_tokens: worker shabti of nauny nan egyptian art ca. 1050 b.c. faience
625803,Worker Shabti of Nauny nan Egyptian Art ca. 1050 B.C. Faience vision_tokens:  text_tokens: worker shabti of nauny nan egyptian art ca. 1050 b.c. faience
625763,Worker Shabti of Nauny nan Egyptian Art ca. 1050 B.C. Faience vision_tokens:  text_tokens: worker shabti of nauny nan egyptian art ca. 1050 b.c. faience
625768,Worker Shabti of Nauny nan Egyptian Art ca. 1050 B.C. Faience vision_tokens:  text_tokens: worker shabti of nauny nan egyptian art ca. 1050 b.c. faience
625794,Worker Shabti of Nauny nan Egyptian Art ca. 1050 B.C. Faience vision_tokens:  text_tokens: worker shabti of nauny nan egyptian art ca. 1050 b.c. faience
625789,Worker Shabti of Nauny nan Egyptian Art ca. 1050 B.C. Faience vision_tokens:  text_tokens: worker shabti of nauny nan egyptian art ca. 1050 b.c. faience
625770,Worker Shabti of Nauny nan Egyptian Art ca. 1050 B.C. Faience vision_tokens:  text_tokens: worker shabti of nauny nan egyptian art ca. 1050 b.c. faience
625776,Worker Shabti of Nauny nan Egyptian Art ca. 1050 B.C. Faience vision_tokens:  text_tokens: worker shabti of nauny nan egyptian art ca. 1050 b.c. faience
625781,Worker Shabti of Nauny nan Egyptian Art ca. 1050 B.C. Faience vision_tokens:  text_tokens: worker shabti of nauny nan egyptian art ca. 1050 b.c. faience
625787,Worker Shabti of Nauny nan Egyptian Art ca. 1050 B.C. Faience vision_tokens:  text_tokens: worker shabti of nauny nan egyptian art ca. 1050 b.c. faience
625798,Worker Shabti of Nauny nan Egyptian Art ca. 1050 B.C. Faience vision_tokens:  text_tokens: worker shabti of nauny nan egyptian art ca. 1050 b.c. faience
625769,Worker Shabti of Nauny nan Egyptian Art ca. 1050 B.C. Faience vision_tokens:  text_tokens: worker shabti of nauny nan egyptian art ca. 1050 b.c. faience
625800,Worker Shabti of Nauny nan Egyptian Art ca. 1050 B.C. Faience vision_tokens:  text_tokens: worker shabti of nauny nan egyptian art ca. 1050 b.c. faience
625801,Worker Shabti of Nauny nan Egyptian Art ca. 1050 B.C. Faience vision_tokens:  text_tokens: worker shabti of nauny nan egyptian art ca. 1050 b.c. faience
625788,Worker Shabti of Nauny nan Egyptian Art ca. 1050 B.C. Faience vision_tokens:  text_tokens: worker shabti of nauny nan egyptian art ca. 1050 b.c. faience
625805,Worker Shabti of Nauny nan Egyptian Art ca. 1050 B.C. Faience vision_tokens:  text_tokens: worker shabti of nauny nan egyptian art ca. 1050 b.c. faience
625807,Worker Shabti of Nauny nan Egyptian Art ca. 1050 B.C. Faience vision_tokens:  text_tokens: worker shabti of nauny nan egyptian art ca. 1050 b.c. faience
625783,Worker Shabti of Nauny nan Egyptian Art ca. 1050 B.C. Faience vision_tokens:  text_tokens: worker shabti of nauny nan egyptian art ca. 1050 b.c. faience
625804,Worker Shabti of Nauny nan Egyptian Art ca. 1050 B.C. Faience vision_tokens:  text_tokens: worker shabti of nauny nan egyptian art ca. 1050 b.c. faience
625809,Worker Shabti of Nauny nan Egyptian Art ca. 1050 B.C. Faience vision_tokens:  text_tokens: worker shabti of nauny nan egyptian art ca. 1050 b.c. faience
625832,Worker Shabti of Nauny nan Egyptian Art ca. 1050 B.C. Faience vision_tokens:  text_tokens: worker shabti of nauny nan egyptian art ca. 1050 b.c. faience
625855,Worker Shabti of Nauny nan Egyptian Art ca. 1050 B.C. Faience vision_tokens:  text_tokens: worker shabti of nauny nan egyptian art ca. 1050 b.c. faience
625838,Worker Shabti of Nauny nan Egyptian Art ca. 1050 B.C. Faience vision_tokens:  text_tokens: worker shabti of nauny nan egyptian art ca. 1050 b.c. faience
625843,Worker Shabti of Nauny nan Egyptian Art ca. 1050 B.C. Faience vision_tokens:  text_tokens: worker shabti of nauny nan egyptian art ca. 1050 b.c. faience
625845,Worker Shabti of Nauny nan Egyptian Art ca. 1050 B.C. Faience vision_tokens:  text_tokens: worker shabti of nauny nan egyptian art ca. 1050 b.c. faience
625841,Worker Shabti of Nauny nan Egyptian Art ca. 1050 B.C. Faience vision_tokens:  text_tokens: worker shabti of nauny nan egyptian art ca. 1050 b.c. faience
625836,Worker Shabti of Nauny nan Egyptian Art ca. 1050 B.C. Faience vision_tokens:  text_tokens: worker shabti of nauny nan egyptian art ca. 1050 b.c. faience
625849,Worker Shabti of Nauny nan Egyptian Art ca. 1050 B.C. Faience vision_tokens:  text_tokens: worker shabti of nauny nan egyptian art ca. 1050 b.c. faience
625851,Worker Shabti of Nauny nan Egyptian Art ca. 1050 B.C. Faience vision_tokens:  text_tokens: worker shabti of nauny nan egyptian art ca. 1050 b.c. faience
625839,Worker Shabti of Nauny nan Egyptian Art ca. 1050 B.C. Faience vision_tokens:  text_tokens: worker shabti of nauny nan egyptian art ca. 1050 b.c. faience
625834,Worker Shabti of Nauny nan Egyptian Art ca. 1050 B.C. Faience vision_tokens:  text_tokens: worker shabti of nauny nan egyptian art ca. 1050 b.c. faience
625835,Worker Shabti of Nauny nan Egyptian Art ca. 1050 B.C. Faience vision_tokens:  text_tokens: worker shabti of nauny nan egyptian art ca. 1050 b.c. faience
625850,Worker Shabti of Nauny nan Egyptian Art ca. 1050 B.C. Faience vision_tokens:  text_tokens: worker shabti of nauny nan egyptian art ca. 1050 b.c. faience
625848,Worker Shabti of Nauny nan Egyptian Art ca. 1050 B.C. Faience vision_tokens:  text_tokens: worker shabti of nauny nan egyptian art ca. 1050 b.c. faience
625837,Worker Shabti of Nauny nan Egyptian Art ca. 1050 B.C. Faience vision_tokens:  text_tokens: worker shabti of nauny nan egyptian art ca. 1050 b.c. faience
625847,Worker Shabti of Nauny nan Egyptian Art ca. 1050 B.C. Faience vision_tokens:  text_tokens: worker shabti of nauny nan egyptian art ca. 1050 b.c. faience
625853,Worker Shabti of Nauny nan Egyptian Art ca. 1050 B.C. Faience vision_tokens:  text_tokens: worker shabti of nauny nan egyptian art ca. 1050 b.c. faience
625840,Worker Shabti of Nauny nan Egyptian Art ca. 1050 B.C. Faience vision_tokens:  text_tokens: worker shabti of nauny nan egyptian art ca. 1050 b.c. faience
625854,Worker Shabti of Nauny nan Egyptian Art ca. 1050 B.C. Faience vision_tokens:  text_tokens: worker shabti of nauny nan egyptian art ca. 1050 b.c. faience
625846,Worker Shabti of Nauny nan Egyptian Art ca. 1050 B.C. Faience vision_tokens:  text_tokens: worker shabti of nauny nan egyptian art ca. 1050 b.c. faience
625829,Worker Shabti of Nauny nan Egyptian Art ca. 1050 B.C. Faience vision_tokens:  text_tokens: worker shabti of nauny nan egyptian art ca. 1050 b.c. faience
625862,Overseer Shabti of Nauny nan Egyptian Art ca. 1050 B.C. Faience vision_tokens:  text_tokens: overseer shabti of nauny nan egyptian art ca. 1050 b.c. faience
625852,Worker Shabti of Nauny nan Egyptian Art ca. 1050 B.C. Faience vision_tokens:  text_tokens: worker shabti of nauny nan egyptian art ca. 1050 b.c. faience
625824,Overseer Shabti of Nauny nan Egyptian Art ca. 1050 B.C. Faience vision_tokens:  text_tokens: overseer shabti of nauny nan egyptian art ca. 1050 b.c. faience
625842,Worker Shabti of Nauny nan Egyptian Art ca. 1050 B.C. Faience vision_tokens:  text_tokens: worker shabti of nauny nan egyptian art ca. 1050 b.c. faience
625844,Worker Shabti of Nauny nan Egyptian Art ca. 1050 B.C. Faience vision_tokens:  text_tokens: worker shabti of nauny nan egyptian art ca. 1050 b.c. faience
625873,Worker Shabti of Nauny nan Egyptian Art ca. 1050 B.C. Faience vision_tokens:  text_tokens: worker shabti of nauny nan egyptian art ca. 1050 b.c. faience
625876,Worker Shabti of Nauny nan Egyptian Art ca. 1050 B.C. Faience vision_tokens:  text_tokens: worker shabti of nauny nan egyptian art ca. 1050 b.c. faience
625870,Worker Shabti of Nauny nan Egyptian Art ca. 1050 B.C. Faience vision_tokens:  text_tokens: worker shabti of nauny nan egyptian art ca. 1050 b.c. faience
625863,Overseer Shabti of Nauny nan Egyptian Art ca. 1050 B.C. Faience vision_tokens:  text_tokens: overseer shabti of nauny nan egyptian art ca. 1050 b.c. faience
625891,Worker Shabti of Nauny nan Egyptian Art ca. 1050 B.C. Faience vision_tokens:  text_tokens: worker shabti of nauny nan egyptian art ca. 1050 b.c. faience
625896,Worker Shabti of Nauny nan Egyptian Art ca. 1050 B.C. Faience vision_tokens:  text_tokens: worker shabti of nauny nan egyptian art ca. 1050 b.c. faience
625879,Worker Shabti of Nauny nan Egyptian Art ca. 1050 B.C. Faience vision_tokens:  text_tokens: worker shabti of nauny nan egyptian art ca. 1050 b.c. faience
625887,Worker Shabti of Nauny nan Egyptian Art ca. 1050 B.C. Faience vision_tokens:  text_tokens: worker shabti of nauny nan egyptian art ca. 1050 b.c. faience
625881,Worker Shabti of Nauny nan Egyptian Art ca. 1050 B.C. Faience vision_tokens:  text_tokens: worker shabti of nauny nan egyptian art ca. 1050 b.c. faience
625864,Overseer Shabti of Nauny nan Egyptian Art ca. 1050 B.C. Faience vision_tokens:  text_tokens: overseer shabti of nauny nan egyptian art ca. 1050 b.c. faience
625892,Worker Shabti of Nauny nan Egyptian Art ca. 1050 B.C. Faience vision_tokens:  text_tokens: worker shabti of nauny nan egyptian art ca. 1050 b.c. faience
625866,Overseer Shabti of Nauny nan Egyptian Art ca. 1050 B.C. Faience vision_tokens:  text_tokens: overseer shabti of nauny nan egyptian art ca. 1050 b.c. faience
625867,Worker Shabti of Nauny nan Egyptian Art ca. 1050 B.C. Faience vision_tokens:  text_tokens: worker shabti of nauny nan egyptian art ca. 1050 b.c. faience
625888,Worker Shabti of Nauny nan Egyptian Art ca. 1050 B.C. Faience vision_tokens:  text_tokens: worker shabti of nauny nan egyptian art ca. 1050 b.c. faience
625898,Worker Shabti of Nauny nan Egyptian Art ca. 1050 B.C. Faience vision_tokens:  text_tokens: worker shabti of nauny nan egyptian art ca. 1050 b.c. faience
625872,Worker Shabti of Nauny nan Egyptian Art ca. 1050 B.C. Faience vision_tokens:  text_tokens: worker shabti of nauny nan egyptian art ca. 1050 b.c. faience
625897,Worker Shabti of Nauny nan Egyptian Art ca. 1050 B.C. Faience vision_tokens:  text_tokens: worker shabti of nauny nan egyptian art ca. 1050 b.c. faience
625893,Worker Shabti of Nauny nan Egyptian Art ca. 1050 B.C. Faience vision_tokens:  text_tokens: worker shabti of nauny nan egyptian art ca. 1050 b.c. faience
625865,Overseer Shabti of Nauny nan Egyptian Art ca. 1050 B.C. Faience vision_tokens:  text_tokens: overseer shabti of nauny nan egyptian art ca. 1050 b.c. faience
625877,Worker Shabti of Nauny nan Egyptian Art ca. 1050 B.C. Faience vision_tokens:  text_tokens: worker shabti of nauny nan egyptian art ca. 1050 b.c. faience
625886,Worker Shabti of Nauny nan Egyptian Art ca. 1050 B.C. Faience vision_tokens:  text_tokens: worker shabti of nauny nan egyptian art ca. 1050 b.c. faience
625875,Worker Shabti of Nauny nan Egyptian Art ca. 1050 B.C. Faience vision_tokens:  text_tokens: worker shabti of nauny nan egyptian art ca. 1050 b.c. faience
625884,Worker Shabti of Nauny nan Egyptian Art ca. 1050 B.C. Faience vision_tokens:  text_tokens: worker shabti of nauny nan egyptian art ca. 1050 b.c. faience
625878,Worker Shabti of Nauny nan Egyptian Art ca. 1050 B.C. Faience vision_tokens:  text_tokens: worker shabti of nauny nan egyptian art ca. 1050 b.c. faience
625882,Worker Shabti of Nauny nan Egyptian Art ca. 1050 B.C. Faience vision_tokens:  text_tokens: worker shabti of nauny nan egyptian art ca. 1050 b.c. faience
625895,Worker Shabti of Nauny nan Egyptian Art ca. 1050 B.C. Faience vision_tokens:  text_tokens: worker shabti of nauny nan egyptian art ca. 1050 b.c. faience
625871,Worker Shabti of Nauny nan Egyptian Art ca. 1050 B.C. Faience vision_tokens:  text_tokens: worker shabti of nauny nan egyptian art ca. 1050 b.c. faience
625874,Worker Shabti of Nauny nan Egyptian Art ca. 1050 B.C. Faience vision_tokens:  text_tokens: worker shabti of nauny nan egyptian art ca. 1050 b.c. faience
625914,Overseer Shabti of Nauny nan Egyptian Art ca. 1050 B.C. Faience vision_tokens:  text_tokens: overseer shabti of nauny nan egyptian art ca. 1050 b.c. faience
625883,Worker Shabti of Nauny nan Egyptian Art ca. 1050 B.C. Faience vision_tokens:  text_tokens: worker shabti of nauny nan egyptian art ca. 1050 b.c. faience
625869,Worker Shabti of Nauny nan Egyptian Art ca. 1050 B.C. Faience vision_tokens:  text_tokens: worker shabti of nauny nan egyptian art ca. 1050 b.c. faience
625890,Worker Shabti of Nauny nan Egyptian Art ca. 1050 B.C. Faience vision_tokens:  text_tokens: worker shabti of nauny nan egyptian art ca. 1050 b.c. faience
625885,Worker Shabti of Nauny nan Egyptian Art ca. 1050 B.C. Faience vision_tokens:  text_tokens: worker shabti of nauny nan egyptian art ca. 1050 b.c. faience
625880,Worker Shabti of Nauny nan Egyptian Art ca. 1050 B.C. Faience vision_tokens:  text_tokens: worker shabti of nauny nan egyptian art ca. 1050 b.c. faience
625894,Worker Shabti of Nauny nan Egyptian Art ca. 1050 B.C. Faience vision_tokens:  text_tokens: worker shabti of nauny nan egyptian art ca. 1050 b.c. faience
625673,Overseer Shabti of Nauny nan Egyptian Art ca. 1050 B.C. Faience vision_tokens:  text_tokens: overseer shabti of nauny nan egyptian art ca. 1050 b.c. faience
625694,Worker Shabti of Nauny nan Egyptian Art ca. 1050 B.C. Faience vision_tokens:  text_tokens: worker shabti of nauny nan egyptian art ca. 1050 b.c. faience
625685,Worker Shabti of Nauny nan Egyptian Art ca. 1050 B.C. Faience vision_tokens:  text_tokens: worker shabti of nauny nan egyptian art ca. 1050 b.c. faience
625667,Overseer Shabti of Nauny nan Egyptian Art ca. 1050 B.C. Faience vision_tokens:  text_tokens: overseer shabti of nauny nan egyptian art ca. 1050 b.c. faience
625682,Worker Shabti of Nauny nan Egyptian Art ca. 1050 B.C. Faience vision_tokens:  text_tokens: worker shabti of nauny nan egyptian art ca. 1050 b.c. faience
625672,Overseer Shabti of Nauny nan Egyptian Art ca. 1050 B.C. Faience vision_tokens:  text_tokens: overseer shabti of nauny nan egyptian art ca. 1050 b.c. faience
625681,Worker Shabti of Nauny nan Egyptian Art ca. 1050 B.C. Faience vision_tokens:  text_tokens: worker shabti of nauny nan egyptian art ca. 1050 b.c. faience
625699,Worker Shabti of Nauny nan Egyptian Art ca. 1050 B.C. Faience vision_tokens:  text_tokens: worker shabti of nauny nan egyptian art ca. 1050 b.c. faience
625677,Overseer Shabti of Nauny nan Egyptian Art ca. 1050 B.C. Faience vision_tokens:  text_tokens: overseer shabti of nauny nan egyptian art ca. 1050 b.c. faience
625679,Worker Shabti of Nauny nan Egyptian Art ca. 1050 B.C. Faience vision_tokens:  text_tokens: worker shabti of nauny nan egyptian art ca. 1050 b.c. faience
625670,Worker Shabti of Nauny nan Egyptian Art ca. 1050 B.C. Faience vision_tokens:  text_tokens: worker shabti of nauny nan egyptian art ca. 1050 b.c. faience
625693,Worker Shabti of Nauny nan Egyptian Art ca. 1050 B.C. Faience vision_tokens:  text_tokens: worker shabti of nauny nan egyptian art ca. 1050 b.c. faience
625686,Worker Shabti of Nauny nan Egyptian Art ca. 1050 B.C. Faience vision_tokens:  text_tokens: worker shabti of nauny nan egyptian art ca. 1050 b.c. faience
625687,Worker Shabti of Nauny nan Egyptian Art ca. 1050 B.C. Faience vision_tokens:  text_tokens: worker shabti of nauny nan egyptian art ca. 1050 b.c. faience
625675,Overseer Shabti of Nauny nan Egyptian Art ca. 1050 B.C. Faience vision_tokens:  text_tokens: overseer shabti of nauny nan egyptian art ca. 1050 b.c. faience
625690,Worker Shabti of Nauny nan Egyptian Art ca. 1050 B.C. Faience vision_tokens:  text_tokens: worker shabti of nauny nan egyptian art ca. 1050 b.c. faience
625705,Worker Shabti of Nauny nan Egyptian Art ca. 1050 B.C. Faience vision_tokens:  text_tokens: worker shabti of nauny nan egyptian art ca. 1050 b.c. faience
625700,Worker Shabti of Nauny nan Egyptian Art ca. 1050 B.C. Faience vision_tokens:  text_tokens: worker shabti of nauny nan egyptian art ca. 1050 b.c. faience
625696,Worker Shabti of Nauny nan Egyptian Art ca. 1050 B.C. Faience vision_tokens:  text_tokens: worker shabti of nauny nan egyptian art ca. 1050 b.c. faience
625706,Worker Shabti of Nauny nan Egyptian Art ca. 1050 B.C. Faience vision_tokens:  text_tokens: worker shabti of nauny nan egyptian art ca. 1050 b.c. faience
625678,Overseer Shabti of Nauny nan Egyptian Art ca. 1050 B.C. Faience vision_tokens:  text_tokens: overseer shabti of nauny nan egyptian art ca. 1050 b.c. faience
625668,Worker Shabti of Nauny nan Egyptian Art ca. 1050 B.C. Faience vision_tokens:  text_tokens: worker shabti of nauny nan egyptian art ca. 1050 b.c. faience
625674,Overseer Shabti of Nauny nan Egyptian Art ca. 1050 B.C. Faience vision_tokens:  text_tokens: overseer shabti of nauny nan egyptian art ca. 1050 b.c. faience
625701,Worker Shabti of Nauny nan Egyptian Art ca. 1050 B.C. Faience vision_tokens:  text_tokens: worker shabti of nauny nan egyptian art ca. 1050 b.c. faience
625702,Worker Shabti of Nauny nan Egyptian Art ca. 1050 B.C. Faience vision_tokens:  text_tokens: worker shabti of nauny nan egyptian art ca. 1050 b.c. faience
625676,Overseer Shabti of Nauny nan Egyptian Art ca. 1050 B.C. Faience vision_tokens:  text_tokens: overseer shabti of nauny nan egyptian art ca. 1050 b.c. faience
625695,Worker Shabti of Nauny nan Egyptian Art ca. 1050 B.C. Faience vision_tokens:  text_tokens: worker shabti of nauny nan egyptian art ca. 1050 b.c. faience
625669,Worker Shabti of Nauny nan Egyptian Art ca. 1050 B.C. Faience vision_tokens:  text_tokens: worker shabti of nauny nan egyptian art ca. 1050 b.c. faience
625689,Worker Shabti of Nauny nan Egyptian Art ca. 1050 B.C. Faience vision_tokens:  text_tokens: worker shabti of nauny nan egyptian art ca. 1050 b.c. faience
625688,Worker Shabti of Nauny nan Egyptian Art ca. 1050 B.C. Faience vision_tokens:  text_tokens: worker shabti of nauny nan egyptian art ca. 1050 b.c. faience
625698,Worker Shabti of Nauny nan Egyptian Art ca. 1050 B.C. Faience vision_tokens:  text_tokens: worker shabti of nauny nan egyptian art ca. 1050 b.c. faience
625684,Worker Shabti of Nauny nan Egyptian Art ca. 1050 B.C. Faience vision_tokens:  text_tokens: worker shabti of nauny nan egyptian art ca. 1050 b.c. faience
625703,Worker Shabti of Nauny nan Egyptian Art ca. 1050 B.C. Faience vision_tokens:  text_tokens: worker shabti of nauny nan egyptian art ca. 1050 b.c. faience
625697,Worker Shabti of Nauny nan Egyptian Art ca. 1050 B.C. Faience vision_tokens:  text_tokens: worker shabti of nauny nan egyptian art ca. 1050 b.c. faience
625704,Worker Shabti of Nauny nan Egyptian Art ca. 1050 B.C. Faience vision_tokens:  text_tokens: worker shabti of nauny nan egyptian art ca. 1050 b.c. faience
625683,Worker Shabti of Nauny nan Egyptian Art ca. 1050 B.C. Faience vision_tokens:  text_tokens: worker shabti of nauny nan egyptian art ca. 1050 b.c. faience
625671,Worker Shabti of Nauny nan Egyptian Art ca. 1050 B.C. Faience vision_tokens:  text_tokens: worker shabti of nauny nan egyptian art ca. 1050 b.c. faience
625889,Worker Shabti of Nauny nan Egyptian Art ca. 1050 B.C. Faience vision_tokens:  text_tokens: worker shabti of nauny nan egyptian art ca. 1050 b.c. faience
625868,Worker Shabti of Nauny nan Egyptian Art ca. 1050 B.C. Faience vision_tokens:  text_tokens: worker shabti of nauny nan egyptian art ca. 1050 b.c. faience
625929,Worker Shabti of Nauny nan Egyptian Art ca. 1050 B.C. Faience vision_tokens:  text_tokens: worker shabti of nauny nan egyptian art ca. 1050 b.c. faience
625932,Worker Shabti of Nauny nan Egyptian Art ca. 1050 B.C. Faience vision_tokens:  text_tokens: worker shabti of nauny nan egyptian art ca. 1050 b.c. faience
625924,Worker Shabti of Nauny nan Egyptian Art ca. 1050 B.C. Faience vision_tokens:  text_tokens: worker shabti of nauny nan egyptian art ca. 1050 b.c. faience
625920,Worker Shabti of Nauny nan Egyptian Art ca. 1050 B.C. Faience vision_tokens:  text_tokens: worker shabti of nauny nan egyptian art ca. 1050 b.c. faience
625921,Worker Shabti of Nauny nan Egyptian Art ca. 1050 B.C. Faience vision_tokens:  text_tokens: worker shabti of nauny nan egyptian art ca. 1050 b.c. faience
625936,Worker Shabti of Nauny nan Egyptian Art ca. 1050 B.C. Faience vision_tokens:  text_tokens: worker shabti of nauny nan egyptian art ca. 1050 b.c. faience
625935,Worker Shabti of Nauny nan Egyptian Art ca. 1050 B.C. Faience vision_tokens:  text_tokens: worker shabti of nauny nan egyptian art ca. 1050 b.c. faience
625922,Worker Shabti of Nauny nan Egyptian Art ca. 1050 B.C. Faience vision_tokens:  text_tokens: worker shabti of nauny nan egyptian art ca. 1050 b.c. faience
625923,Worker Shabti of Nauny nan Egyptian Art ca. 1050 B.C. Faience vision_tokens:  text_tokens: worker shabti of nauny nan egyptian art ca. 1050 b.c. faience
625930,Worker Shabti of Nauny nan Egyptian Art ca. 1050 B.C. Faience vision_tokens:  text_tokens: worker shabti of nauny nan egyptian art ca. 1050 b.c. faience
625918,Worker Shabti of Nauny nan Egyptian Art ca. 1050 B.C. Faience vision_tokens:  text_tokens: worker shabti of nauny nan egyptian art ca. 1050 b.c. faience
625934,Worker Shabti of Nauny nan Egyptian Art ca. 1050 B.C. Faience vision_tokens:  text_tokens: worker shabti of nauny nan egyptian art ca. 1050 b.c. faience
625937,Worker Shabti of Nauny nan Egyptian Art ca. 1050 B.C. Faience vision_tokens:  text_tokens: worker shabti of nauny nan egyptian art ca. 1050 b.c. faience
625927,Worker Shabti of Nauny nan Egyptian Art ca. 1050 B.C. Faience vision_tokens:  text_tokens: worker shabti of nauny nan egyptian art ca. 1050 b.c. faience
625938,Worker Shabti of Nauny nan Egyptian Art ca. 1050 B.C. Faience vision_tokens:  text_tokens: worker shabti of nauny nan egyptian art ca. 1050 b.c. faience
625915,Overseer Shabti of Nauny nan Egyptian Art ca. 1050 B.C. Faience vision_tokens:  text_tokens: overseer shabti of nauny nan egyptian art ca. 1050 b.c. faience
625926,Worker Shabti of Nauny nan Egyptian Art ca. 1050 B.C. Faience vision_tokens:  text_tokens: worker shabti of nauny nan egyptian art ca. 1050 b.c. faience
625931,Worker Shabti of Nauny nan Egyptian Art ca. 1050 B.C. Faience vision_tokens:  text_tokens: worker shabti of nauny nan egyptian art ca. 1050 b.c. faience
625925,Worker Shabti of Nauny nan Egyptian Art ca. 1050 B.C. Faience vision_tokens:  text_tokens: worker shabti of nauny nan egyptian art ca. 1050 b.c. faience
625928,Worker Shabti of Nauny nan Egyptian Art ca. 1050 B.C. Faience vision_tokens:  text_tokens: worker shabti of nauny nan egyptian art ca. 1050 b.c. faience
625933,Worker Shabti of Nauny nan Egyptian Art ca. 1050 B.C. Faience vision_tokens:  text_tokens: worker shabti of nauny nan egyptian art ca. 1050 b.c. faience
625919,Worker Shabti of Nauny nan Egyptian Art ca. 1050 B.C. Faience vision_tokens:  text_tokens: worker shabti of nauny nan egyptian art ca. 1050 b.c. faience
447806,Man in a Long-sleeved Coat Riza-yi 'Abbasi Islamic Art ca. 1598 Ink on paper vision_tokens:  text_tokens: man in a long-sleeved coat riza-yi 'abbasi islamic art ca. 1598 ink on paper
437340,"Charles Maurice de Talleyrand Périgord (1754–1838), Prince de Talleyrand Pierre Paul Prud'hon European Paintings 1817 Oil on canvas vision_tokens:  text_tokens: charles maurice de talleyrand périgord (1754–1838), prince de talleyrand pierre paul prud'hon european paintings 1817 oil on canvas"
545394,"Relief showing Khety’s hand, with a graffito of Ramesside date nan Egyptian Art ca. 2051–2000 B.C. Limestone, paint vision_tokens:  text_tokens: relief showing khety’s hand, with a graffito of ramesside date nan egyptian art ca. 2051–2000 b.c. limestone, paint"
544208,"Part of the shrine of Queen Henhenet nan Egyptian Art ca. 2051–2030 B.C. Limestone, paint vision_tokens:  text_tokens: part of the shrine of queen henhenet nan egyptian art ca. 2051–2030 b.c. limestone, paint"
470826,Scene from the Legend of the True Cross nan The Cloisters second half 14th century Stone vision_tokens:  text_tokens: scene from the legend of the true cross nan the cloisters second half 14th century stone
470827,Scene from the Legend of the True Cross nan The Cloisters second half 14th century Stone vision_tokens:  text_tokens: scene from the legend of the true cross nan the cloisters second half 14th century stone
57011,"Jihei of Kamiya Eloping with the Geisha Koharu of Kinokuniya, from the series “True Feelings Compared: The Founts of Love” (Jitsu kurabe iro no Minakami) Kitagawa Utamaro Asian Art ca. 1798–99 Woodblock print; ink and color on paper vision_tokens:  text_tokens: jihei of kamiya eloping with the geisha koharu of kinokuniya, from the series “true feelings compared: the founts of love” (jitsu kurabe iro no minakami) kitagawa utamaro asian art ca. 1798–99 woodblock print ink and color on paper"
738366,"True Image of the Lord of Chalma, Christ crucified José Guadalupe Posada Drawings and Prints ca. 1903 Type-metal engraving and letterpress on tan paper vision_tokens:  text_tokens: true image of the lord of chalma, christ crucified josé guadalupe posada drawings and prints ca. 1903 type-metal engraving and letterpress on tan paper"
45356,"True Reflections on the Life and Manners of a Woman (Ehon Masukagami) 絵本十寸鏡 Nishikawa Sukenobu 西川祐信 Asian Art 1748, 1st month Woodblock printed book; ink on paper vision_tokens:  text_tokens: true reflections on the life and manners of a woman (ehon masukagami) 絵本十寸鏡 nishikawa sukenobu 西川祐信 asian art 1748, 1st month woodblock printed book ink on paper"
78700,"True Depictions of Bird and Flower Pictures (Kachōe shashin zui) 花鳥写真図彙; 花鳥写真図会(かちょうえ しゃしん ずえ) Kitao Shigemasa 北尾重政 Asian Art 1805, first month (Bunka 2) Set of three woodblock printed books; ink on paper vision_tokens:  text_tokens: true depictions of bird and flower pictures (kachōe shashin zui) 花鳥写真図彙 花鳥写真図会(かちょうえ しゃしん ずえ) kitao shigemasa 北尾重政 asian art 1805, first month (bunka 2) set of three woodblock printed books ink on paper"
340809,"The Discovery of the True Cross Moncalvo (Guglielmo Caccia) Drawings and Prints 1568–1625 Pen and brown ink, brush and brown wash, over slight traces of black chalk vision_tokens:  text_tokens: the discovery of the true cross moncalvo (guglielmo caccia) drawings and prints 1568–1625 pen and brown ink, brush and brown wash, over slight traces of black chalk"
45475,"Two actors, from the series Musical Program of True Love (Ongyoku hiyoku no bangumi) 音曲比翼の番組 Kitagawa Utamaro 喜多川歌麿 Asian Art ca. 1800 (Kansei 12) Woodblock print (nishiki-e); ink and color on pape vision_tokens:  text_tokens: two actors, from the series musical program of true love (ongyoku hiyoku no bangumi) 音曲比翼の番組 kitagawa utamaro 喜多川歌麿 asian art ca. 1800 (kansei 12) woodblock print (nishiki-e) ink and color on pape"
449312,Seal Stone nan Islamic Art 10th–11th century Carnelian; incised vision_tokens:  text_tokens: seal stone nan islamic art 10th–11th century carnelian incised
544772,Pectoral of Mutnefret nan Egyptian Art ca. 1295–1070 B.C. Faience vision_tokens:  text_tokens: pectoral of mutnefret nan egyptian art ca. 1295–1070 b.c. faience
205883,Guanyin Meissen Manufactory European Sculpture and Decorative Arts 1710–13 Red stoneware with gilding vision_tokens:  text_tokens: guanyin meissen manufactory european sculpture and decorative arts 1710–13 red stoneware with gilding
321287,Curved Ear Ornament (Kapeu) nan The Michael C. Rockefeller Wing 18th–early 19th century Greenstone (nephrite) vision_tokens:  text_tokens: curved ear ornament (kapeu) nan the michael c. rockefeller wing 18th–early 19th century greenstone (nephrite)
751901,Tunic Inca artist(s) The Michael C. Rockefeller Wing 1400–1535 CE Camelid fiber vision_tokens:  text_tokens: tunic inca artist(s) the michael c. rockefeller wing 1400–1535 ce camelid fiber
37947,"Rama Releases the Demon Spies Shuka and Sarana: Folio from the Siege of Lanka series Manaku Asian Art ca. 1725 Opaque watercolor, ink and gold on paper vision_tokens:  text_tokens: rama releases the demon spies shuka and sarana: folio from the siege of lanka series manaku asian art ca. 1725 opaque watercolor, ink and gold on paper"
786771,"The True Method of Sitting a Horse, Mathematically Delineated Thomas Rowlandson Drawings and Prints 1809 Hand-colored etching vision_tokens:  text_tokens: the true method of sitting a horse, mathematically delineated thomas rowlandson drawings and prints 1809 hand-colored etching"
466561,Relief with Scene from the Legend of the True Cross nan Medieval Art ca. 1400 Marble vision_tokens:  text_tokens: relief with scene from the legend of the true cross nan medieval art ca. 1400 marble
550789,"Stela of the God's-Father of Amun Pakeshi nan Egyptian Art ca. 750–525 B.C. Wood, gesso, paint vision_tokens:  text_tokens: stela of the god's-father of amun pakeshi nan egyptian art ca. 750–525 b.c. wood, gesso, paint"
451747,"Hanging Lamp nan Islamic Art 10th–11th century Glass, colorless with green tinge; blown, applied handles vision_tokens:  text_tokens: hanging lamp nan islamic art 10th–11th century glass, colorless with green tinge blown, applied handles"
195933,Beaker nan European Sculpture and Decorative Arts ca. 1725 Zwischengold glass vision_tokens:  text_tokens: beaker nan european sculpture and decorative arts ca. 1725 zwischengold glass
544499,"Stela with Taweret and Mut of Isheru nan Egyptian Art ca. 1390–1352 BCE Limestone, paint vision_tokens:  text_tokens: stela with taweret and mut of isheru nan egyptian art ca. 1390–1352 bce limestone, paint"
360859,Woman of Virginia Wenceslaus Hollar Drawings and Prints ca. 1644 Etching; only state vision_tokens:  text_tokens: woman of virginia wenceslaus hollar drawings and prints ca. 1644 etching only state
337950,The Sudarium Hans Schlaffer of Ulm Drawings and Prints ca. 1470–75 Hand-colored woodcut vision_tokens:  text_tokens: the sudarium hans schlaffer of ulm drawings and prints ca. 1470–75 hand-colored woodcut
759520,"Plate 35: Robert Macaire schismatic, from 'Caricaturana,' published in Les Robert Macaires Honoré Daumier Drawings and Prints 1838 Color lithograph on wove paper; second state of two (Delteil) vision_tokens:  text_tokens: plate 35: robert macaire schismatic, from 'caricaturana,' published in les robert macaires honoré daumier drawings and prints 1838 color lithograph on wove paper second state of two (delteil)"
815745,Saint Helen finding the true cross Jerôme David Drawings and Prints 1625–47 Engraving vision_tokens:  text_tokens: saint helen finding the true cross jerôme david drawings and prints 1625–47 engraving
