objectID,title,artist,department,objectDate,medium,description,image_path,source_theme_bucket,source_query
44285,Insects and Grasses,Yamamoto Baiitsu,Asian Art,dated 1847,Handscroll; ink and color on silk,"Purchase, Friends of Asian Art Gifts, 1995",data\raw\images\44285.jpg,portraits_people,man
547902,Priest in a leopard skin cloak with an inscription and Osiris on his skirt,,Egyptian Art,ca. 712–650 B.C.,Leaded bronze,"Purchase, Edward S. Harkness Gift, 1926",data\raw\images\547902.jpg,portraits_people,man
436947,Boating,Edouard Manet,European Paintings,1874,Oil on canvas,"H. O. Havemeyer Collection, Bequest of Mrs. H. O. Havemeyer, 1929",data\raw\images\436947.jpg,portraits_people,man
828497,An Old Man with a Dog,Giacomo Ceruti,European Paintings,1740s,Oil on canvas,"Gift of Fabrizio Moretti, in honor of Keith Christiansen, and in celebration of the Museum's 150th Anniversary, 2019",data\raw\images\828497.jpg,portraits_people,man
205107,The Composer André-Ernest-Modeste Grétry (1741–1813),Jean-Baptiste Stouf,European Sculpture and Decorative Arts,1804–8,Marble,"Purchase, Josephine Bay Paul and C. Michael Paul Foundation Inc. Gift and Charles Ulrick and Josephine Bay Foundation Inc. Gift, 1969",data\raw\images\205107.jpg,portraits_people,man
188459,"Charles Augustin Sainte-Beuve (1804–1869), French man-of-letters and Academician",Pierre Jean David d'Angers,European Sculpture and Decorative Arts,1828,"Bronze, cast - single","Gift of Samuel P. Avery, 1898",data\raw\images\188459.jpg,portraits_people,man
231981,Side chair (chais à la reine) (one of a pair),Georges Jacob,European Sculpture and Decorative Arts,1784,Carved and gilded walnut; pink silk moiré damask (not original),"Gift of Mr. and Mrs. Charles Wrightsman, 1977",data\raw\images\231981.jpg,portraits_people,man
435678,The Temptation of Saint Anthony,Herri met de Bles,European Paintings,ca. 1550–60,Oil on wood,"Bequest of Harry G. Sperling, 1971",data\raw\images\435678.jpg,portraits_people,man
53194,The Tale of Sumiyoshi,,Asian Art,late 13th century,"a) Painting section from a handscroll mounted as a hanging scroll; ink and color on paper
b) Calligraphy from handscroll section mounted as a hanging scroll; ink on paper","Mary Griggs Burke Collection, Gift of the Mary and Jackson Burke Foundation, 2015",data\raw\images\53194.jpg,portraits_people,man
207247,Shoulao,Chantilly,European Sculpture and Decorative Arts,ca. 1735–40,Tin-glazed soft-paste porcelain decorataed in polychrome enamels,"The Jack and Belle Linsky Collection, 1982",data\raw\images\207247.jpg,portraits_people,man
35672,"Ink Impression (""Pull"") from a Gold-inlaid Colt Revolver",Gustave Young,Arms and Armor,ca. 1854,Ink on paper,"Gift of John R. Gangel, 2009",data\raw\images\35672.jpg,portraits_people,man
25115,"<i>Musterblätter enthaltend die anwendbarsten Jagdstücke u. Arabesken für Büchsenschäfter, Graveure etc.</i> (Zella bei Gotha, n.d. [1849/50]) (Patternbook of Engraved Designs for Firearms Ornament), from the workshop of Louis D. Nimschke (1832–1904)",Gustave Ernst,Arms and Armor,ca. 1849–50,Engraving on paper,"Gift of Herbert G. Houze, 2002",data\raw\images\25115.jpg,portraits_people,man
452651,"""Isfandiyar's Third Course: He Slays a Dragon"", Folio from a Shahnama (Book of Kings)",Abu'l Qasim Firdausi,Islamic Art,ca. 1330–40,"Ink, opaque watercolor, gold, and silver on paper","Bequest of Monroe C. Gutman, 1974",data\raw\images\452651.jpg,portraits_people,man
248466,Bronze statuette of a philosopher on a lamp stand,,Greek and Roman Art,late 1st century BCE,Bronze,"Rogers Fund, 1910",data\raw\images\248466.jpg,portraits_people,man
337769,"Four Tulips:  Boter man (Butter Man), Joncker (Nobleman), Grote geplumaceerde (The Great Plumed One), and Voorwint (With the Wind)",Jacob Marrel,Drawings and Prints,ca. 1635–45,watercolor on vellum,"Rogers Fund, 1968",data\raw\images\337769.jpg,portraits_people,man
55406,Recently Imported Big Elephant,Ichiryūsai Yoshitoyo,Asian Art,1863 (3rd month),Diptych of woodblock prints; ink and color on paper,"Gift of Lincoln Kirstein, 1959",data\raw\images\55406.jpg,portraits_people,man
459071,Portrait of a Woman,Netherlandish or French,Robert Lehman Collection,ca. 1470–80,Oil on oak panel,"Robert Lehman Collection, 1975",data\raw\images\459071.jpg,portraits_people,man
53458,Lingering Rain over Half the Village,Urakami (Uragami) Gyokudō,Asian Art,ca. 1815–20,Folding fan mounted as a hanging scroll; ink on paper,"Mary Griggs Burke Collection, Gift of the Mary and Jackson Burke Foundation, 2015",data\raw\images\53458.jpg,portraits_people,man
38213,Garuda Vanquishing the Naga Clan,,Asian Art,ca. 2nd–3rd century,Schist,"Purchase, Bernice Richard Gift, 1980",data\raw\images\38213.jpg,portraits_people,man
464256,Top Panel of a Box,,Medieval Art,ca. 1320–40,Elephant ivory,"Gift of J. Pierpont Morgan, 1917",data\raw\images\464256.jpg,portraits_people,man
437859,Portrait of a Woman,Giovanni di Francesco del Cervelliera,European Paintings,ca. 1445,Tempera on wood,"The Friedsam Collection, Bequest of Michael Friedsam, 1931",data\raw\images\437859.jpg,portraits_people,man
436572,Christ Healing the Blind,El Greco (Domenikos Theotokopoulos),European Paintings,ca. 1570,Oil on canvas,"Gift of Mr. and Mrs. Charles Wrightsman, 1978",data\raw\images\436572.jpg,portraits_people,man
193340,Wine can,Christoph Stange,European Sculpture and Decorative Arts,late 17th century,Pewter,"Gift of Miss Mary Sinclair Burkham, 1917",data\raw\images\193340.jpg,portraits_people,man
1668,Watercolor,Eugene B. Cunningham,The American Wing,1882,Ink and watercolor on paper,"Friends of the American Wing Fund, 1966",data\raw\images\1668.jpg,portraits_people,man
435722,Portrait of a Man in Armor with Two Pages,Paris Bordon,European Paintings,,Oil on canvas,"Gift of Mr. and Mrs. Charles Wrightsman, 1973",data\raw\images\435722.jpg,portraits_people,man
438779,A Peasant Family,Antoine Le Nain,European Paintings,ca. 1640–48,Oil on copper,"Gift of Michel David-Weill, 2023",data\raw\images\438779.jpg,portraits_people,man
53238,Zheng Huangniu and Yushanzhu,Kano Naizen,Asian Art,early 17th century,Pair of hanging scrolls; ink on paper,"Mary Griggs Burke Collection, Gift of the Mary and Jackson Burke Foundation, 2015",data\raw\images\53238.jpg,portraits_people,man
544320,Stela of the Steward Mentuwoser,,Egyptian Art,ca. 1944 B.C.,"Limestone, paint","Gift of Edward S. Harkness, 1912",data\raw\images\544320.jpg,portraits_people,man
283126,Scène près d'un étang au moulin du Petit-Mourmelon,Gustave Le Gray,Photographs,1857,Albumen silver print from glass negative,"Gilman Collection, Purchase, The Horace W. Goldsmith Foundation Gift, through Joyce and Robert Menschel, 2005",data\raw\images\283126.jpg,portraits_people,man
13877,"Quilt, Album pattern",Brown and Turner families,The American Wing,begun 1846,Cotton,"Bequest of Margaret Brown Potvin, 1987",data\raw\images\13877.jpg,portraits_people,man
53660,Ten Verses on Oxherding,,Asian Art,1278,Handscroll; ink and color on paper,"Mary Griggs Burke Collection, Gift of the Mary and Jackson Burke Foundation, 2015",data\raw\images\53660.jpg,portraits_people,man
435807,The Smokers,Adriaen Brouwer,European Paintings,ca. 1636,Oil on wood,"The Friedsam Collection, Bequest of Michael Friedsam, 1931",data\raw\images\435807.jpg,portraits_people,man
436658,Hermann von Wedigh III (died 1560),Hans Holbein the Younger,European Paintings,1532,Oil and gold on oak,"Bequest of Edward S. Harkness, 1940",data\raw\images\436658.jpg,portraits_people,man
228311,Sampler,,European Sculpture and Decorative Arts,18th century,Silk on linen,"From the Collection of Mrs. Lathrop Colgate Harper, Bequest of Mabel Herbert Harper, 1957",data\raw\images\228311.jpg,portraits_people,man
40080,Fragrant Snow at Broken Bridge,Wang Mian,Asian Art,14th century,Hanging scroll; ink on silk,"Ex coll.: C. C. Wang Family, Purchase, Gift of J. Pierpont Morgan, by exchange, 1973",data\raw\images\40080.jpg,portraits_people,man
436607,An Allegory,Domenico Guidobono,European Paintings,1710–20,Oil on canvas,"Purchase, R. A. Farnsworth Gift, Gwynne Andrews, Charles B. Curtis, Rogers, Marquand, The Alfred N. Punnett Endowment, and Victor Wilbour Memorial Funds, 1970",data\raw\images\436607.jpg,portraits_people,man
437216,The Fifteen Mysteries and the Virgin of the Rosary,Netherlandish (Brussels) Painter,European Paintings,ca. 1515–20,Oil on wood,"Anonymous Bequest, 1984",data\raw\images\437216.jpg,portraits_people,man
201718,Street vendor,Mennecy,European Sculpture and Decorative Arts,ca. 1750–60,Soft-paste porcelain,"Gift of R. Thornton Wilson, in memory of Florence Ellsworth Wilson, 1954",data\raw\images\201718.jpg,portraits_people,man
435897,Head of Christ (Ecce Homo),Petrus Christus,European Paintings,ca. 1445,"Oil on parchment, laid down on wood","Bequest of Lillian S. Timken, 1959",data\raw\images\435897.jpg,portraits_people,man
251468,Terracotta amphora (jar),Praxias Group,Greek and Roman Art,ca. 480–460 BCE,Terracotta,"Fletcher Fund, 1924",data\raw\images\251468.jpg,portraits_people,man
436523,The Adoration of the Magi,Hugo van der Goes,European Paintings,,Oil on wood,"Purchase, 1871",data\raw\images\436523.jpg,portraits_people,man
317877,Processional Cross,Northern Highlands artist,The Michael C. Rockefeller Wing,14th–15th century,Brass,"Purchase, Elaine Rosenberg Gift and funds from various donors, 1998",data\raw\images\317877.jpg,portraits_people,man
436522,A Benedictine Monk,Hugo van der Goes,European Paintings,,Oil on wood,"The Bequest of Michael Dreicer, 1921",data\raw\images\436522.jpg,portraits_people,man
451287,"""Page of Calligraphy Illuminated with Animals and Plants in a Field of Flowers"", Folio from the Shah Jahan Album",Nanha,Islamic Art,verso: ca. 1610–15; recto: ca.1535–45,"Ink, opaque watercolor, and gold on paper","Purchase, Rogers Fund and The Kevorkian Foundation Gift, 1955",data\raw\images\451287.jpg,portraits_people,man
347936,Songs of Innocence: On Anothers Sorrow,William Blake,Drawings and Prints,[1789] printed ca. 1825,Relief etching printed in orange-brown ink and hand-colored with watercolor and shell gold,"Rogers Fund, 1917",data\raw\images\347936.jpg,portraits_people,man
451726,"""Shaikh San'an beneath the Window of the Christian Maiden"", Folio18r  from a Mantiq al-Tayr (Language of the Birds)",Farid al-Din `Attar,Islamic Art,ca. 1600,"Opaque watercolor, silver, and gold on paper","Fletcher Fund, 1963",data\raw\images\451726.jpg,portraits_people,man
449671,Inscribed Seal,,Islamic Art,10th–11th century,Jet; incised,"Rogers Fund, 1939",data\raw\images\449671.jpg,portraits_people,man
446561,"""Alexander is Lowered into the Sea"", Folio from a Khamsa (Quintet) of Amir Khusrau Dihlavi",Amir Khusrau Dihlavi,Islamic Art,1597–98,"Main support: Ink, watercolor, gold on paper
Margins: Gold on dyed paper","Gift of Alexander Smith Cochran, 1913",data\raw\images\446561.jpg,portraits_people,man
25106,"Twenty-Five Inked Impressions (or ""Pulls"") of Engraved Firearms Ornament",Gustave Young,Arms and Armor,ca. 1845–65,Ink on paper,"Gift of Herbert G. Houze, 2002",data\raw\images\25106.jpg,portraits_people,man
316796,Receptacle with Figurative Relief and Stopper,,The Michael C. Rockefeller Wing,1880–1890,Ivory,"Gift of Marcia and Irwin Hersey, 1993",data\raw\images\316796.jpg,portraits_people,man
437330,Saints Peter and John Healing the Lame Man,Nicolas Poussin,European Paintings,1655,Oil on canvas,"Marquand Fund, 1924",data\raw\images\437330.jpg,portraits_people,man
436896,Portrait of a Woman with a Man at a Casement,Fra Filippo Lippi,European Paintings,ca. 1440,Tempera on wood,"Marquand Collection, Gift of Henry G. Marquand, 1889",data\raw\images\436896.jpg,portraits_people,man
228466,Sampler,,European Sculpture and Decorative Arts,1779,Silk and wool on wool canvas,"From the Collection of Mrs. Lathrop Colgate Harper, Bequest of Mabel Herbert Harper, 1957",data\raw\images\228466.jpg,portraits_people,man
437822,Portrait of a Man,Jacopo Tintoretto (Jacopo Robusti),European Paintings,1550s,Oil on canvas,"Gift of George Blumenthal, 1941",data\raw\images\437822.jpg,portraits_people,man
391797,"Tiddy-Doll, the Great French-Gingerbread-Baker; Drawing Out a New Batch of Kings, His Man Hopping Talley, Mixing Up the Dough",James Gillray,Drawings and Prints,"January 23, 1806",Hand-colored etching,"Gift of Philip van Ingen, 1942",data\raw\images\391797.jpg,portraits_people,man
733847,Famous Women,Gai Qi,Asian Art,dated 1799,Album of sixteen leaves; ink on paper,"Purchase, Bequests of Edna H. Sachs and Flora E. Whiting, by exchange; Fletcher Fund, by exchange; Gifts of Mrs. Harry Payne Bingham and Mrs. Henry J. Bernheim, by exchange; and funds from various donors, by exchange, 2016",data\raw\images\733847.jpg,portraits_people,man
452032,Pierced Bowl Signed by Hasan al-Qashani,,Islamic Art,late 11th–early 12th century,"Stonepaste; molded and pierced, monochrome decoration under transparent glaze","Gift of Mr. and Mrs. Lester Wolfe, 1968",data\raw\images\452032.jpg,portraits_people,man
436836,Allegory of Music,Laurent de La Hyre,European Paintings,1649,Oil on canvas,"Charles B. Curtis Fund, 1950",data\raw\images\436836.jpg,portraits_people,man
436897,Saint Lawrence Enthroned with Saints and Donors,Fra Filippo Lippi,European Paintings,1440s,"Tempera on wood, gold ground","Rogers Fund, 1935",data\raw\images\436897.jpg,portraits_people,man
204587,Emperor Antoninus Pius,Antico (Pier Jacopo Alari Bonacolsi),European Sculpture and Decorative Arts,1519–24,"Bronze, partially oil-gilt, silver inlay, on serpentinite socle","Gift of Edward Fowles, 1965",data\raw\images\204587.jpg,portraits_people,man
435864,A Woman with a Dog,Giacomo Ceruti,European Paintings,1740s,Oil on canvas,"Maria DeWitt Jesup Fund, 1930",data\raw\images\435864.jpg,portraits_people,man
548675,Door Jamb of Rau,,Egyptian Art,ca. 1479–1425 B.C.,Limestone,"Rogers Fund, 1926",data\raw\images\548675.jpg,portraits_people,man
436686,"Mrs. Richard Bache (Sarah Franklin, 1743–1808)",John Hoppner,European Paintings,1793,Oil on canvas,"Catharine Lorillard Wolfe Collection, Wolfe Fund, 1901",data\raw\images\436686.jpg,portraits_people,man
49187,Wangchuan Villa,Wang Yuanqi,Asian Art,dated 1711,Handscroll; ink and color on paper,"Ex coll.: C. C. Wang Family, Purchase, Douglas Dillon Gift, 1977",data\raw\images\49187.jpg,portraits_people,man
436180,The Natchez,Eugène Delacroix,European Paintings,1823–24 and 1835,Oil on canvas,"Purchase, Gifts of George N. and Helen M. Richard and Mr. and Mrs. Charles S. McVeigh and Bequest of Emma A. Sheafer, by exchange, 1989",data\raw\images\436180.jpg,portraits_people,man
347927,Songs of Innocence: The Divine Image,William Blake,Drawings and Prints,[1789] printed ca. 1825,Relief etching printed in orange-brown ink and hand-colored with watercolor and shell gold,"Rogers Fund, 1917",data\raw\images\347927.jpg,portraits_people,man
228990,Adam and Eve with Charles I and Henrietta Maria,,European Sculpture and Decorative Arts,after 1634,Canvas worked with silk and metal thread; tent and couching stitches,"Gift of Irwin Untermyer, 1964",data\raw\images\228990.jpg,portraits_people,man
548676,Door Jamb of Rau,,Egyptian Art,ca. 1479–1425 B.C.,Limestone,"Rogers Fund, 1926",data\raw\images\548676.jpg,portraits_people,man
764636,The Last Toilet of Charlotte Corday,Lumb Stocks,Drawings and Prints,1869 or after,Engraving on chine collé,"Gift of Mrs. Charles Wrightsman, 1986",data\raw\images\764636.jpg,portraits_people,man
39742,"The Deity Vajrabhairava, Tantric Form of the Bodhisattva Manjushri",,Asian Art,early 15th century,Silk embroidery with metal thread and horsehair on silk satin,"Purchase, Lila Acheson Wallace Gift, 1993",data\raw\images\39742.jpg,portraits_people,man
437547,Grainfields,Jacob van Ruisdael,European Paintings,mid- or late 1660s,Oil on canvas,"The Friedsam Collection, Bequest of Michael Friedsam, 1931",data\raw\images\437547.jpg,portraits_people,man
362029,Poetry (Poesia XXVII),Master of the E-Series Tarocchi,Drawings and Prints,ca. 1465–67,Engraving with gold hand coloring,"The Elisha Whittelsey Collection, The Elisha Whittelsey Fund, 1959",data\raw\images\362029.jpg,portraits_people,man
39901,Night-Shining White,Han Gan,Asian Art,ca. 750,Handscroll; ink on paper,"Purchase, The Dillon Fund Gift, 1977",data\raw\images\39901.jpg,portraits_people,man
231980,Side chair (chais à la reine) (one of a pair),Georges Jacob,European Sculpture and Decorative Arts,1784,Carved and gilded walnut; pink silk moiré damask (not original),"Gift of Mr. and Mrs. Charles Wrightsman, 1977",data\raw\images\231980.jpg,portraits_people,man
439327,Christ Blessing,Gerard David,European Paintings,ca. 1500–1505,Oil on wood,"Purchase, The Cloisters Collection, Hester Diamond and Kowitz Family Foundation Gifts, Dodge Fund, and Malcolm Hewitt Wiener Foundation Gift, 2009",data\raw\images\439327.jpg,portraits_people,man
340445,Seated Figure of Mercury,Parmigianino (Girolamo Francesco Maria Mazzola),Drawings and Prints,1524–26,Black chalk,"Purchase, Florence B. Selden Bequest, Charles and Jessie Price Gift, and Harry G. Sperling Fund, 1997",data\raw\images\340445.jpg,portraits_people,man
447806,Man in a Long-sleeved Coat,Riza-yi 'Abbasi,Islamic Art,ca. 1598,Ink on paper,"Gift of George D. Pratt, 1925",data\raw\images\447806.jpg,portraits_people,man
219421,Sampler,,European Sculpture and Decorative Arts,1804,Silk on linen,"Rogers Fund, 1912",data\raw\images\219421.jpg,portraits_people,man
231255,Mother ape,Camillo Mariani,European Sculpture and Decorative Arts,1595–96,Bronze,"European Sculpture and Decorative Arts Fund, 2006",data\raw\images\231255.jpg,portraits_people,man
435621,Joan of Arc,Jules Bastien-Lepage,European Paintings,1879,Oil on canvas,"Gift of Erwin Davis, 1889",data\raw\images\435621.jpg,portraits_people,man
451725,"""The Concourse of the Birds"", Folio 11r from a Mantiq al-Tayr (Language of the Birds)",Habiballah of Sava,Islamic Art,ca. 1600,"Ink, opaque watercolor, gold, and silver on paper","Fletcher Fund, 1963",data\raw\images\451725.jpg,portraits_people,man
437173,Don Andrés de Andrade y la Cal,Bartolomé Estebán Murillo,European Paintings,ca. 1665–72,Oil on canvas,"Bequest of Collis P. Huntington, by exchange, 1927",data\raw\images\437173.jpg,portraits_people,man
466561,Relief with Scene from the Legend of the True Cross,,Medieval Art,ca. 1400,Marble,"Rogers Fund, 1923",data\raw\images\466561.jpg,portraits_people,man
459027,"Portrait of a Woman, Possibly a Nun of San Secondo; (verso) Scene in Grisaille",Jacometto (Jacometto Veneziano),Robert Lehman Collection,ca. 1485–95,Oil on wood; (verso: oil and gold on wood),"Robert Lehman Collection, 1975",data\raw\images\459027.jpg,portraits_people,man
811771,A Seaman's Wife's Reckoning,Thomas Rowlandson,Drawings and Prints,"July 15, 1812",Hand-colored etching,"The Elisha Whittelsey Collection, The Elisha Whittelsey Fund, 1959",data\raw\images\811771.jpg,portraits_people,man
549256,"Round-topped ostracon depicting the snake-goddess Mereseger and Amun's ram, signed by Neferhotep",,Egyptian Art,ca. 1295–1070 BCE,"Limestone, ink","Rogers Fund, 1921",data\raw\images\549256.jpg,portraits_people,man
437530,"Portrait of a Man, Possibly an Architect or Geographer",Peter Paul Rubens,European Paintings,1597,Oil on copper,"The Jack and Belle Linsky Collection, 1982",data\raw\images\437530.jpg,portraits_people,man
436529,"L'Arlésienne: Madame Joseph-Michel Ginoux (Marie Julien, 1848–1911)",Vincent van Gogh,European Paintings,1888–89,Oil on canvas,"Bequest of Sam A. Lewisohn, 1951",data\raw\images\436529.jpg,portraits_people,man
436803,The Adoration of the Magi,Joos van Wassenhove,European Paintings,1472–74,Distemper on canvas,"Bequest of George Blumenthal, 1941",data\raw\images\436803.jpg,portraits_people,man
557155,Stela of Inamennayefnebu,,Egyptian Art,ca. 825–712 B.C.,"Wood, paste, paint","Rogers Fund and Edward S. Harkness Gift, 1922",data\raw\images\557155.jpg,portraits_people,man
188457,"François René Auguste Vicomte de Chateaubriand (1768–1848), French statesman and man-of-letters",Pierre Jean David d'Angers,European Sculpture and Decorative Arts,19th century,"Bronze, greenish-brown patina, hollow cast","Gift of Samuel P. Avery, 1898",data\raw\images\188457.jpg,portraits_people,man
757960,"Plate 43: A man of sensitivity at the right price, from 'Caricaturana,' published in Les Robert Macaires",Honoré Daumier,Drawings and Prints,1838,Lithograph on wove paper; first state of two (Delteil),"Gift of Edwin De T. Bechtel, 1953",data\raw\images\757960.jpg,portraits_people,man
786771,"The True Method of Sitting a Horse, Mathematically Delineated",Thomas Rowlandson,Drawings and Prints,1809,Hand-colored etching,"The Elisha Whittelsey Collection, The Elisha Whittelsey Fund, 1959",data\raw\images\786771.jpg,portraits_people,man
437059,Young Woman with a Pink,Hans Memling,European Paintings,ca. 1485–90,Oil on wood,"The Jules Bache Collection, 1949",data\raw\images\437059.jpg,portraits_people,man
435844,The Musicians,Caravaggio (Michelangelo Merisi),European Paintings,1597,Oil on canvas,"Rogers Fund, 1952",data\raw\images\435844.jpg,portraits_people,man
188438,"Hippolyte Fortoul (1811–1856), French man-of-letters and politician",Pierre Jean David d'Angers,European Sculpture and Decorative Arts,1839,"Bronze, cast - single","Gift of Samuel P. Avery, 1898",data\raw\images\188438.jpg,portraits_people,man
436099,The Nativity with Donors and Saints Jerome and Leonard,Gerard David,European Paintings,ca. 1510–15,"Oil on canvas, transferred from wood","The Jules Bache Collection, 1949",data\raw\images\436099.jpg,portraits_people,man
39895,The Classic of Filial Piety,Li Gonglin,Asian Art,ca. 1085,Handscroll; ink and color on silk,"Ex coll.: C. C. Wang Family, From the P. Y. and Kinmay W. Tang Family Collection, Gift of Oscar L. Tang Family, 1996",data\raw\images\39895.jpg,portraits_people,man
811772,A Seaman's Wife's Reckoning,Thomas Rowlandson,Drawings and Prints,"July 15, 1812",Hand-colored etching,"The Elisha Whittelsey Collection, The Elisha Whittelsey Fund, 1959",data\raw\images\811772.jpg,portraits_people,man
365246,Seated Nude Young Man in Nearly Frontal View,Guercino (Giovanni Francesco Barbieri),Drawings and Prints,ca. 1618,"Modified black chalk (dipped in a gum solution), traces of white gouache highlights, on light brown paper","Purchase, Rogers Fund and Mr. and Mrs. David M. Tobey Gift, 2004",data\raw\images\365246.jpg,portraits_people,man
344460,"Un an de la vie d'un jeune homme: Histoire véritable en 17 Chapitres, Ecrits par lui-même et Lithographiés par Victor Adam (A Year in the Life of a Young Man: A True Story in 17 Chapters, Written by Himself and Lithographed by Victor Adam)",Victor Adam,Drawings and Prints,1824,Lithographs,"The Elisha Whittelsey Collection, The Elisha Whittelsey Fund, 1962",data\raw\images\344460.jpg,portraits_people,man
461152,Model for a portrait medal of Francesco Redi,Massimiliano Soldani,Robert Lehman Collection,1677,Wax on slate.,"Robert Lehman Collection, 1975",data\raw\images\461152.jpg,portraits_people,man
282234,The Refectory of the Imperial Asylum at Vincennes,Charles Nègre,Photographs,1858–59,Salted paper print from glass negative,"Gift of Hans P. Kraus Jr. and Mariana Cook, in honor of André and Marie-Thérèse Jammes, 1998",data\raw\images\282234.jpg,portraits_people,man
437508,Self-Portrait,Salvator Rosa,European Paintings,ca. 1647,Oil on canvas,"Bequest of Mary L. Harrison, 1921",data\raw\images\437508.jpg,portraits_people,man
383883,Tobias and the Angel (small plate),Hendrick Goudt,Drawings and Prints,1608,Engraving; Holl.'s second state of three,"Harris Brisbane Dick Fund, 1928",data\raw\images\383883.jpg,portraits_people,man
437609,The Holy Family with the Young Saint John the Baptist,Andrea del Sarto (Andrea d'Agnolo),European Paintings,ca. 1528,Oil on wood,"Maria DeWitt Jesup Fund, 1922",data\raw\images\437609.jpg,portraits_people,self portrait
436103,Virgin and Child,Gerard David,European Paintings,ca. 1520,Oil on wood,"The Friedsam Collection, Bequest of Michael Friedsam, 1931",data\raw\images\436103.jpg,portraits_people,self portrait
398746,"Self-Portrait, from ""Image de divers hommes: The true effigies of the most eminent Painters""",Wenceslaus Hollar,Drawings and Prints,17th century,Etching; third state of five,"Bequest of Phyllis Massar, 2011",data\raw\images\398746.jpg,portraits_people,self portrait
437984,"La Berceuse (Woman Rocking a Cradle; Augustine-Alix Pellicot Roulin, 1851–1930)",Vincent van Gogh,European Paintings,1889,Oil on canvas,"The Walter H. and Leonore Annenberg Collection, Gift of Walter H. and Leonore Annenberg, 1996, Bequest of Walter H. Annenberg, 2002",data\raw\images\437984.jpg,portraits_people,self portrait
435702,The Horse Fair,Rosa Bonheur,European Paintings,1852–55,Oil on canvas,"Gift of Cornelius Vanderbilt, 1887",data\raw\images\435702.jpg,portraits_people,self portrait
435880,Rocks at Fontainebleau,Paul Cézanne,European Paintings,1890s,Oil on canvas,"H. O. Havemeyer Collection, Bequest of Mrs. H. O. Havemeyer, 1929",data\raw\images\435880.jpg,portraits_people,self portrait
436105,The Death of Socrates,Jacques Louis David,European Paintings,1787,Oil on canvas,"Catharine Lorillard Wolfe Collection, Wolfe Fund, 1931",data\raw\images\436105.jpg,portraits_people,self portrait
437021,Head of Christ,Master of the Orcagnesque Misericordia,European Paintings,,"Tempera on wood, gold ground","Gift of The Jack and Belle Linsky Foundation, 1981",data\raw\images\437021.jpg,portraits_people,self portrait
436838,The Fortune-Teller,Georges de La Tour,European Paintings,probably 1630s,Oil on canvas,"Rogers Fund, 1960",data\raw\images\436838.jpg,portraits_people,woman
44759,"Landscapes, Figures, and Flowers",Chen Hongshou,Asian Art,dated 1618–22,Album of twelve leaves; ink and color on paper,"Purchase, Friends of Far Eastern Art Gifts, 1985",data\raw\images\44759.jpg,portraits_people,woman
360090,The Toilet,James McNeill Whistler,Drawings and Prints,1878,"Lithotint, with scraping and incising, on a prepared half-tint ground; second state of five","Gift of Paul F. Walter, 1984",data\raw\images\360090.jpg,portraits_people,woman
55257,A True View of a Trading House of a Yokohama Merchant,Utagawa (Gountei) Sadahide,Asian Art,1861,Triptych of woodblock prints (nishiki-e); ink and color on paper; vertical ōban,"Gift of Lincoln Kirstein, 1959",data\raw\images\55257.jpg,portraits_people,woman
437405,A Young Woman as a Shepherdess,Govert Flinck,European Paintings,,"Oil on canvas, transferred from wood","Bequest of Lillian S. Timken, 1959",data\raw\images\437405.jpg,portraits_people,woman
643540,Portrait of a Woman,Giovanni Battista Gaulli (Il Baciccio),European Paintings,ca. 1670s,Oil on canvas,"Gift of Álvaro Saieh Bendeck, Jean-Luc Baroni, and Fabrizio Moretti, in honor of Keith Christiansen, 2014",data\raw\images\643540.jpg,portraits_people,woman
360413,"Plate 7 from ""Los Caprichos"": Even thus he cannot make her out (Ni asi la distingue)",Goya (Francisco de Goya y Lucientes),Drawings and Prints,1799,"Etching, aquatint, drypoint","Gift of M. Knoedler & Co., 1918",data\raw\images\360413.jpg,portraits_people,woman
853090,A Desert [sic]–Imitation of Modern Fashion,William Heath ('Paul Pry'),Drawings and Prints,ca. 1828,Hand-colored etching,"Gift of Jill Spalding, 2022",data\raw\images\853090.jpg,portraits_people,woman
39569,Eighteen Songs of a Nomad Flute: The Story of Lady Wenji,Unidentified artist,Asian Art,early 15th century,"Handscroll; ink, color, and gold on silk","Ex coll.: C. C. Wang Family, Gift of The Dillon Fund, 1973",data\raw\images\39569.jpg,portraits_people,woman
436531,Peasant Woman Cooking by a Fireplace,Vincent van Gogh,European Paintings,1885,Oil on canvas,"Gift of Mr. and Mrs. Mortimer Hays, 1984",data\raw\images\436531.jpg,portraits_people,woman
360248,The Battle of the Sea Gods (left portion of  frieze),Andrea Mantegna,Drawings and Prints,before 1481,Engraving,"Rogers Fund, 1918",data\raw\images\360248.jpg,portraits_people,woman
219681,Vertumnus and Pomona from a set of Scenes from Operas,François Boucher,European Sculpture and Decorative Arts,1758–76,"Wool, silk (21-22 warps per inch, 8 per cm.)","Bequest of Benjamin Altman, 1913",data\raw\images\219681.jpg,portraits_people,woman
438821,Ia Orana Maria (Hail Mary),Paul Gauguin,European Paintings,1891,Oil on canvas,"Bequest of Sam A. Lewisohn, 1951",data\raw\images\438821.jpg,portraits_people,woman
73159,Portrait of Li Xiangjun,Cui He,Asian Art,dated 1817,Hanging scroll; ink and color on paper,"The Lin Yutang Family Collection, Gift of Hsiang Ju Lin, in memory of Taiyi Lin Lai, 2005",data\raw\images\73159.jpg,portraits_people,woman
824771,Marie Antoinette in a Park,Elisabeth Louise Vigée Le Brun,Drawings and Prints,ca. 1780–81,"Black chalk, stumped, and white chalk; framing lines in black chalk","Bequest of Mrs. Charles Wrightsman, 2019",data\raw\images\824771.jpg,portraits_people,woman
437966,"Mrs. Walter Rathbone Bacon (Virginia Purdy Barker, 1862–1919)",Anders Zorn,European Paintings,1897,Oil on canvas,"Gift of Mrs. Walter Rathbone Bacon, in memory of her husband, 1917",data\raw\images\437966.jpg,portraits_people,woman
714125,"Broadside (recto) true verses about Lino Zamora from Real de Zacatecas (image of banderillero and bull by Manilla), and a funeral scene on verso (possibly by Posada)",Manuel Manilla,Drawings and Prints,1902 (published),Type-metal engraving and letterpress on orange paper,"The Elisha Whittelsey Collection, The Elisha Whittelsey Fund, 1946",data\raw\images\714125.jpg,portraits_people,woman
742534,University,Thomas Rowlandson,Drawings and Prints,"May 10, 1802",Hand-colored etching,"The Elisha Whittelsey Collection, The Elisha Whittelsey Fund, 1959",data\raw\images\742534.jpg,portraits_people,woman
193438,Eternal Spring,Auguste Rodin,European Sculpture and Decorative Arts,"modeled ca. 1881, carved 1907",Marble,"Bequest of Isaac D. Fletcher, 1917",data\raw\images\193438.jpg,portraits_people,woman
437202,Christ Bearing the Cross,North Netherlandish (Bruges) Painter,European Paintings,,Oil on wood,"Bequest of George D. Pratt, 1935",data\raw\images\437202.jpg,portraits_people,woman
435991,A Woman Reading,Camille Corot,European Paintings,1869 and 1870,Oil on canvas,"Gift of Louise Senff Cameron, in memory of her uncle, Charles H. Senff, 1928",data\raw\images\435991.jpg,portraits_people,woman
729644,"In proof of true love, a watercarrier skeleton arguing with a woman (Posada); two skeleton angels in upper corners (Manilla)",José Guadalupe Posada,Drawings and Prints,ca. 1890–96,Type-metal engraving and letterpress,"The Elisha Whittelsey Collection, The Elisha Whittelsey Fund, 1946",data\raw\images\729644.jpg,portraits_people,woman
437384,Salome,Henri Regnault,European Paintings,1870,Oil on canvas,"Gift of George F. Baker, 1916",data\raw\images\437384.jpg,portraits_people,woman
788371,Female Politicians,Thomas Rowlandson,Drawings and Prints,1815 (copy after),Hand-colored etching,"The Elisha Whittelsey Collection, The Elisha Whittelsey Fund and Harris Brisbane Dick Fund, by Exchange, 1970",data\raw\images\788371.jpg,portraits_people,woman
888663,Handscroll of Ten Homoerotic (Nanshoku) Scenes,Miyagawa Chōshun 宮川長春,Asian Art,early 18th century,Handscroll; ink and colors on silk,"Rogers Fund, by exchange, 2022",data\raw\images\888663.jpg,portraits_people,woman
459028,Portrait of Alvise Contarini(?); (verso) A Tethered Roebuck,Jacometto (Jacometto Veneziano),Robert Lehman Collection,ca. 1485–95,Oil on wood; verso: oil and gold on wood,"Robert Lehman Collection, 1975",data\raw\images\459028.jpg,portraits_people,woman
338973,The Lament of the Art of Painting,Cornelis Cort,Drawings and Prints,1579,Engraving; two plates printed on two sheets,"Charles Z. Offin Fund, 1988",data\raw\images\338973.jpg,portraits_people,woman
282043,"Zoe, Maid of Athens",Julia Margaret Cameron,Photographs,1866,Albumen silver print from glass negative,"The Rubel Collection, Purchase, Lila Acheson Wallace, Ann Tenenbaum and Thomas H. Lee, and Muriel Kallis Newman Gifts, 1997",data\raw\images\282043.jpg,portraits_people,woman
226956,The Garden of False Learning from The Table of Cebes,David Kandel,European Sculpture and Decorative Arts,1550–80,"Wool and silk on canvas (cross stitch, 48-56 per sq. in., 9 per sq. cm; tent stitch, 156-190 per sq. in., 30-36 per sq. cm.)","Gift of Constance McCann Betts, Mrs. Winston F.C. Guest, and Frasier W. McCann, 1942",data\raw\images\226956.jpg,portraits_people,woman
53449,Six Jewel Rivers from Various Provinces,Utagawa Hiroshige,Asian Art,1857,Six woodblock prints; ink and color on paper,"Mary Griggs Burke Collection, Gift of the Mary and Jackson Burke Foundation, 2015",data\raw\images\53449.jpg,landscape_nature,river
347918,Songs of Innocence: The Chimney Sweeper,William Blake,Drawings and Prints,[1789] printed ca. 1825,Relief etching printed in orange-brown ink and hand-colored with watercolor and shell gold,"Rogers Fund, 1917",data\raw\images\347918.jpg,landscape_nature,river
49074,"Landscapes, Flowers and Birds",Xiang Shengmo,Asian Art,dated 1639,Album of eight paintings; ink and color on paper,"Edward Elliott Family Collection, Purchase, The Dillon Fund Gift, 1981",data\raw\images\49074.jpg,landscape_nature,river
437457,The Baptism of Christ,Sebastiano Ricci,European Paintings,ca. 1713–14,Oil on canvas,"Purchase, Rogers and Gwynne Andrews Funds, and Gift of Jane L. Melville, by exchange, 1981",data\raw\images\437457.jpg,landscape_nature,river
670540,Mountain and Calligraphy,Ike no Taiga,Asian Art,18th–19th century,Album leaves mounted as hanging scrolls; ink on paper,"Mary Griggs Burke Collection, Gift of the Mary and Jackson Burke Foundation, 2015",data\raw\images\670540.jpg,landscape_nature,river
53222,Musk Cat,Uto Gyoshi,Asian Art,mid- to late 16th century,Hanging scroll; ink and color on paper,"Mary Griggs Burke Collection, Gift of the Mary and Jackson Burke Foundation, 2015",data\raw\images\53222.jpg,landscape_nature,river
671043,“Paintings by Taigadō with Colophons”,Ike no Taiga,Asian Art,late 18th–early 19th century,Album,"Mary Griggs Burke Collection, Gift of the Mary and Jackson Burke Foundation, 2015",data\raw\images\671043.jpg,landscape_nature,river
437518,A River in a Meadow,Théodore Rousseau,European Paintings,ca. 1840,Oil on wood,"Bequest of Collis P. Huntington, 1900",data\raw\images\437518.jpg,landscape_nature,river
437585,Market by the Seashore,Salomon van Ruysdael,European Paintings,1637,Oil on wood,"Bequest of Rupert L. Joseph, 1959",data\raw\images\437585.jpg,landscape_nature,river
53455,Pine Tree and Calligraphy,Ike no Taiga,Asian Art,late 18th–early 19th century,Album leaves mounted as hanging scrolls; ink on paper,"Mary Griggs Burke Collection, Gift of the Mary and Jackson Burke Foundation, 2015",data\raw\images\53455.jpg,landscape_nature,river
437302,Barges at Pontoise,Camille Pissarro,European Paintings,1876,Oil on canvas,"Bequest of Mary Cushing Fosburgh, 1978",data\raw\images\437302.jpg,landscape_nature,river
839041,Study of Water and Plants,Thomas Fearnley,European Paintings,1837,"Oil on paper, laid down on wood","Gift of Christen Sveaas, in celebration of the Museum's 150th Anniversary, 2020",data\raw\images\839041.jpg,landscape_nature,river
839044,Gudvangen,Thomas Fearnley,European Paintings,1839,"Oil on paper, laid down on wood","Gift of Christen Sveaas, in celebration of the Museum's 150th Anniversary, 2020",data\raw\images\839044.jpg,landscape_nature,river
57344,White Poppies on Gold Ground,Ogata Kōrin,Asian Art,,Six-panel folding screen; color on paper,"H. O. Havemeyer Collection, Gift of Horace Havemeyer, 1949",data\raw\images\57344.jpg,landscape_nature,river
437376,A Cat Stealing Fish,Giuseppe Recco,European Paintings,late 1660s,Oil on canvas,"Purchase, 1871",data\raw\images\437376.jpg,religion_myth,mythology
435997,The Storm,Pierre-Auguste Cot,European Paintings,1880,Oil on canvas,"Catharine Lorillard Wolfe Collection, Bequest of Catharine Lorillard Wolfe, 1887",data\raw\images\435997.jpg,religion_myth,mythology
841644,Collaborative Painting of Sixteen Arhats,Suzuki Hyakunen 鈴木百年,Asian Art,late 1870s–early 1880s,Hanging scroll; ink and color on satin,"Gift of George Crawford, 2020",data\raw\images\841644.jpg,religion_myth,saint
188418,"Georges Couthon (1756–1794), Member of the Revolutionary Convention of 1792; one of the Triumvirate with Robespierre and Saint-Just, with whom he was guillotined",Pierre Jean David d'Angers,European Sculpture and Decorative Arts,19th century,"Bronze, cast - single","Gift of Samuel P. Avery, 1898",data\raw\images\188418.jpg,religion_myth,saint
436177,George Sand's Garden at Nohant,Eugène Delacroix,European Paintings,ca. 1842–43,Oil on canvas,"Purchase, Dikran G. Kelekian Gift, 1922",data\raw\images\436177.jpg,religion_myth,saint
769297,Pope Clement X (1590–1676),Giovanni Battista Gaulli (Il Baciccio),European Paintings,ca. 1670–71,Oil on canvas,"Purchase, Friends of European Paintings Gifts, 2017",data\raw\images\769297.jpg,religion_myth,saint
435626,Porte de la Reine at Aigues-Mortes,Jean-Frédéric Bazille,European Paintings,1867,Oil on canvas,"Purchase, Gift of Raymonde Paul, in memory of her brother, C. Michael Paul, by exchange, 1988",data\raw\images\435626.jpg,religion_myth,saint
437771,Saint Remigius Replenishing the Barrel of Wine; (interior) Saint Remigius and the Burning Wheat,Swiss Painter,European Paintings,ca. 1500–1505,"Oil, gold, and white metal on wood","Purchase, 1871",data\raw\images\437771.jpg,religion_myth,saint
822724,Cartel clock (one of a pair),André Charles Boulle,European Sculpture and Decorative Arts,"ca. 1710, with later movement","Gilt bronze, horn, oak; enamel, brass, glass","Bequest of Mrs. Charles Wrightsman, 2019",data\raw\images\822724.jpg,religion_myth,saint
337950,The Sudarium,Hans Schlaffer of Ulm,Drawings and Prints,ca. 1470–75,Hand-colored woodcut,"Harris Brisbane Dick Fund, 1941",data\raw\images\337950.jpg,religion_myth,saint
815745,Saint Helen finding the true cross,Jerôme David,Drawings and Prints,1625–47,Engraving,"The Elisha Whittelsey Collection, The Elisha Whittelsey Fund, 1949",data\raw\images\815745.jpg,religion_myth,saint
207667,Small desk with folding top (bureau brisé),Alexandre-Jean Oppenordt,European Sculpture and Decorative Arts,ca. 1685,"Oak, pine, walnut veneered with ebony, rosewood, and marquetry of tortoiseshell and engraved brass; gilt bronze and steel","Gift of Mrs. Charles Wrightsman, 1986",data\raw\images\207667.jpg,religion_myth,saint
206965,Longcase astronomical regulator,Ferdinand Berthoud,European Sculpture and Decorative Arts,ca. 1768–70,"Case: oak veneered with ebony and brass, with gilt-bronze mounts; Dial: white enamel; Movement: gilded brass and steel","The Jack and Belle Linsky Collection, 1982",data\raw\images\206965.jpg,religion_myth,saint
188445,"Laurent Gouvion Saint-Cyr (1764–1830), Marshal of France, Minister of War 1815–1821",Pierre Jean David d'Angers,European Sculpture and Decorative Arts,1832 (?),"Bronze, cast - single","Gift of Samuel P. Avery, 1898",data\raw\images\188445.jpg,religion_myth,saint
436271,The Crucifixion with Donors and Saints Peter and Margaret of Antioch,Cornelis Engebrechtsz,European Paintings,ca. 1525–30,Oil on wood,"Gift of Coudert Brothers, 1888",data\raw\images\436271.jpg,religion_myth,saint
626692,The Jabach Family,Charles Le Brun,European Paintings,ca. 1660,Oil on canvas,"Purchase, Mrs. Charles Wrightsman Gift, in honor of Keith Christiansen, 2014",data\raw\images\626692.jpg,religion_myth,saint
436102,Virgin and Child with Four Angels,Gerard David,European Paintings,ca. 1510–15,Oil on wood,"Gift of Mr. and Mrs. Charles Wrightsman, 1977",data\raw\images\436102.jpg,religion_myth,saint
435711,An Egyptian Peasant Woman and Her Child,Léon Bonnat,European Paintings,1869–70,Oil on canvas,"Catharine Lorillard Wolfe Collection, Bequest of Catharine Lorillard Wolfe, 1887",data\raw\images\435711.jpg,religion_myth,saint
436785,Honfleur,Johan Barthold Jongkind,European Paintings,1865,Oil on canvas,"Catharine Lorillard Wolfe Collection, Wolfe Fund, 1916",data\raw\images\436785.jpg,religion_myth,saint
437061,Salvator Mundi,Hans Memling,European Paintings,1480–85,Oil on wood,"The Friedsam Collection, Bequest of Michael Friedsam, 1931",data\raw\images\437061.jpg,religion_myth,saint
437422,Charity,Guido Reni,European Paintings,ca. 1630,Oil on canvas,"Gift of Mr. and Mrs. Charles Wrightsman, 1974",data\raw\images\437422.jpg,religion_myth,saint
197461,Saint Bernardino of Siena,Fulvio Signorini,European Sculpture and Decorative Arts,ca. 1600,"Bronze, partially oil-gilt","Harris Brisbane Dick Fund, 1933",data\raw\images\197461.jpg,religion_myth,saint
207536,The Sacrifice of Jephthah's Daughter,Massimiliano Soldani,European Sculpture and Decorative Arts,"modeled 1722, probably cast 1730–35",Bronze,"Wrightsman Fund, 1985",data\raw\images\207536.jpg,religion_myth,saint
838076,Virgin and Child Enthroned,Bohemian Painter,European Paintings,ca. 1345–50,Oil(?) and gold on wood,"Purchase, George T. Delacorte Jr. Gift, by exchange; Michel David-Weill Gift; The Lesley and Emma Sheafer Collection, Bequest of Emma A. Sheafer and Gift of Mr. and Mrs. Malcom P. Ripley, by exchange; The Rendl Fund; Lila Acheson Wallace Gift; and funds from various donors, by exchange, 2020",data\raw\images\838076.jpg,religion_myth,saint
435651,The Lamentation,Ambrosius Benson,European Paintings,ca. 1520–25,"Oil on canvas, transferred from wood","The Jack and Belle Linsky Collection, 1982",data\raw\images\435651.jpg,religion_myth,saint
194176,Watch,Daniel Vauchez,European Sculpture and Decorative Arts,ca. 1783–90,"Case: partly enameled gold set with pearls, gold bezel with diamonds set in silver; Dial: white enamel with openwork brass hands; Movement: brass and steel","Gift of J. Pierpont Morgan, 1917",data\raw\images\194176.jpg,religion_myth,saint
436492,Saint Christopher and the Infant Christ,Domenico Ghirlandaio (Domenico Bigordi),European Paintings,,Fresco,"Gift of Cornelius Vanderbilt, 1880",data\raw\images\436492.jpg,religion_myth,saint
459231,Saint John the Evangelist,Upper Rhine (Switzerland),Robert Lehman Collection,ca. 1480,"Pen and blackish brown ink and gray wash over a black chalk underdrawing (still partially visible in the foliate forms of the throne at the upper right), the thin, pale lines of the preliminary ink drawing clearly distinguishable from the thicker, darker ones on top of them, which have dense, felt-like accumulations of tiny strokes in some of the shadows, but are by the same hand; traces of a curved line in black chalk and partly in brush and gray ink in the lower corners and at the upper right.","Robert Lehman Collection, 1975",data\raw\images\459231.jpg,religion_myth,saint
436176,Christ Asleep during the Tempest,Eugène Delacroix,European Paintings,ca. 1853,Oil on canvas,"H. O. Havemeyer Collection, Bequest of Mrs. H. O. Havemeyer, 1929",data\raw\images\436176.jpg,religion_myth,saint
336013,Design for a Freestanding Tomb Seen in Elevation and Plan,"Antonio da Sangallo, the Younger",Drawings and Prints,1530–35,"Pen and brown ink, brush and brown wash, over extensive compass-incised and stylus-ruled construction with pin-pricked measurements","Edward Pearce Casey Fund, 1998",data\raw\images\336013.jpg,religion_myth,saint
712539,Saint Philip Neri (1515–1595),Carlo Dolci,European Paintings,1645 or 1646,Oil on canvas,"Purchase, George Delacorte Fund Gift, in memory of George T. Delacorte Jr., Ronald S. Lauder, Mr. and Mrs. Richard L. Chilton Jr., and Mr. and Mrs. Frederick W. Beinecke Gifts, 2016",data\raw\images\712539.jpg,religion_myth,saint
419636,"L'Invention de la Ste. Croix (The Invention of the True Cross), May 3rd, from ""Les Images De Tous Les Saincts et Saintes de L'Année"" (Images of All of the Saints and Religious Events of the Year)",Jacques Callot,Drawings and Prints,1636,Etching; second state of two (Lieure),"Purchase, Joseph Pulitzer Bequest, 1917",data\raw\images\419636.jpg,religion_myth,saint
308024,Embroidered bag with fringe,Nasca artist,The Michael C. Rockefeller Wing,7th century,Camelid hair,"Gift of George D. Pratt, 1932",data\raw\images\308024.jpg,religion_myth,religious
437261,The Penitence of Saint Jerome,Joachim Patinir,European Paintings,ca. 1515,Oil on wood,"Fletcher Fund, 1936",data\raw\images\437261.jpg,religion_myth,religious
663886,Portrait of Yinyuan Longqi (Ingen Ryūki),unidentified artist,Asian Art,1676,Hanging scroll; ink and color on paper,"Purchase, Brooke Russell Astor Bequest, 2015",data\raw\images\663886.jpg,religion_myth,religious
435848,The Birth of the Virgin,Fra Carnevale (Bartolomeo di Giovanni Corradini),European Paintings,1467,Tempera and oil on wood,"Rogers and Gwynne Andrews Funds, 1935",data\raw\images\435848.jpg,religion_myth,religious
436098,The Crucifixion,Gerard David,European Paintings,ca. 1495,Oil on wood,"Rogers Fund, 1909",data\raw\images\436098.jpg,religion_myth,religious
49068,Bamboo in Snow,Dapeng Zhengkun (Taihō Shōkon),Asian Art,1774,Pair of hanging scrolls; ink on silk,"The Harry G. C. Packard Collection of Asian Art, Gift of Harry G. C. Packard, and Purchase, Fletcher, Rogers, Harris Brisbane Dick, and Louis V. Bell Funds, Joseph Pulitzer Bequest, and The Annenberg Fund Inc. Gift, 1975",data\raw\images\49068.jpg,religion_myth,religious
315700,Embroidered bag with fringe,Nasca artist,The Michael C. Rockefeller Wing,7th century,Camelid hair,"Bequest of Jane Costello Goldberg, from the Collection of Arnold I. Goldberg, 1986",data\raw\images\315700.jpg,religion_myth,religious
197460,Saint Catherine of Siena,Fulvio Signorini,European Sculpture and Decorative Arts,ca. 1600,"Bronze, partially oil-gilt","Harris Brisbane Dick Fund, 1933",data\raw\images\197460.jpg,religion_myth,religious
239512,Torah crown (keter),"Andrea Zambelli ""L'Honnesta""",European Sculpture and Decorative Arts,ca. 1740–50,"Silver, parcel gilt","Director's Fund, 2013",data\raw\images\239512.jpg,religion_myth,religious
438688,Saint Francis,Federico Barocci,European Paintings,ca. 1600–1604,Oil on canvas,"Purchase, Lila Acheson Wallace Gift and 2002 Benefit Fund, 2003",data\raw\images\438688.jpg,religion_myth,religious
436045,"Johann I (1468–1532), the Constant, Elector of Saxony",Lucas Cranach the Elder and Workshop,European Paintings,1532–33,"Oil on beech, with letterpress-printed paper labels","Gift of Robert Lehman, 1946",data\raw\images\436045.jpg,religion_myth,religious
451289,"""Unwan"", Folio from the Shah Jahan Album",Mir 'Ali Haravi,Islamic Art,recto and verso: ca. 1630–40,"Ink, opaque watercolor, and gold on paper","Purchase, Rogers Fund and The Kevorkian Foundation Gift, 1955",data\raw\images\451289.jpg,religion_myth,religious
336011,The Discovery of the True Cross,Bernardo Strozzi,Drawings and Prints,1599–1644,"Pen and brown ink, over leadpoint or black chalk; framing lines in pen and darker brown ink","Purchase, Gifts from Mrs. Gardner Cassatt, Mrs. Francis Ormond, Bessie Potter Vonnoh, William Benton, Donald Silve, William M. Ivins Jr., and Mrs. Harry Payne Whitney, and other gifts, bequests, and funds, by exchange, 1998",data\raw\images\336011.jpg,religion_myth,religious
228995,"The New Testament, The Book of Common Prayer",Robert Barker,European Sculpture and Decorative Arts,ca. 1636,"Silk, bullion, silver, and silver-gilt thread on canvas and satin","Gift of Irwin Untermyer, 1964",data\raw\images\228995.jpg,religion_myth,religious
435817,The Crucifixion with the Virgin and Saint John,Hendrick ter Brugghen,European Paintings,ca. 1624–25,Oil on canvas,"Funds from various donors, 1956",data\raw\images\435817.jpg,religion_myth,religious
436043,"Friedrich III (1463–1525), the Wise, Elector of Saxony",Lucas Cranach the Elder and Workshop,European Paintings,1533,"Oil on beech, with letterpress-printed paper labels","Gift of Robert Lehman, 1946",data\raw\images\436043.jpg,religion_myth,religious
319053,Collar,Chimú artist(s),The Michael C. Rockefeller Wing,1000–1470 CE,"Spondylus shell, stone, cotton","Purchase, Nathan Cummings Gift and Rogers Fund, 2003",data\raw\images\319053.jpg,religion_myth,deity
205883,Guanyin,Meissen Manufactory,European Sculpture and Decorative Arts,1710–13,Red stoneware with gilding,"The Lesley and Emma Sheafer Collection, Bequest of Emma A. Sheafer, 1973",data\raw\images\205883.jpg,religion_myth,deity
283177,[Button],Unknown,Photographs,1840s–50s,Daguerreotype,"Gilman Collection, Purchase, Joyce F. Menschel Gift, 2005",data\raw\images\283177.jpg,objects_decorative,jewelry
451264,"""Jahangir and his Father, Akbar"", Folio from the Shah Jahan Album",Balachand,Islamic Art,verso: ca. 1630; recto: ca.1540–50,"Ink, opaque watercolor, and gold on paper","Purchase, Rogers Fund and The Kevorkian Foundation Gift, 1955",data\raw\images\451264.jpg,objects_decorative,jewelry
156129,Bonnet,Camille,Costume Institute,ca. 1900,"horsehair, cotton","Brooklyn Museum Costume Collection at The Metropolitan Museum of Art, Gift of the Brooklyn Museum, 2009; Gift of the Princess Viggo in accordance with the wishes of the Misses Hewitt, 1931",data\raw\images\156129.jpg,abstract_patterns,abstract
